직무코드,직무대분류,직무중분류,직무소분류,상세분류,산업,캠프명
IT-N/A-IT,IT/SW,IT,IT,N/A,IT,IT 8개 직무 기초체험으로 나에게 맞는 적성 찾고 기술역량 키우기
IT-N/A-IT,IT/SW,IT,IT,N/A,IT,"시스템개발, 아키텍트, 기획을 모두 경험한 현직자가 알려주는 IT 실무"
IT-N/A-IT,IT/SW,IT,IT,N/A,IT,차근차근 기초 다지기 : 밑바닥부터 시작하는 서버&프론트 개발 실무 체험
IT-N/A-금융,IT/SW,IT,IT,N/A,금융,"금융 IT 개발 실무 경험하기 : API 개발, DB 조회, 배포 등"
IT-N/A-정부/공공기관,IT/SW,IT,IT,N/A,정부/공공기관,공기업 현직자에게 배우는 IT기획 실무
IT-시스템관리-IT,IT/SW,IT,IT,시스템관리,IT,금융 IT 공기업 현직자와 함께하는 Linux기반 IT 운영 실무 경험!
IT-취업컨설팅-IT,IT/SW,IT,IT,취업컨설팅,IT,"IT취업 컨설팅, 8개 직무 포트폴리오부터 모의 면접까지"
IT-클라우드-IT,IT/SW,IT,IT,클라우드,IT,대기업 IT현직자와 함께 클라우드 AWS 구축부터 운영까지 실무 AtoZ
IT-클라우드-IT,IT/SW,IT,IT,클라우드,IT,"글로벌 대기업 12년차 현업자와 AWS 백엔드개발, 클라우드직무 AtoZ"
SW개발-DevOps-IT,IT/SW,SW개발,SW개발,DevOps,IT,"대기업 엔지니어와 파이썬개발, DB구성, 라이브 배포까지 DevOps실무"
SW개발-N/A-IT,IT/SW,SW개발,SW개발,N/A,IT,SW개발자의 프로그램 개발 과정 체험! 소스 분석부터 버그 수정까지!
SW개발-N/A-IT,IT/SW,SW개발,SW개발,N/A,IT,IT 대기업 현업 개발자와 함께 하는 SW개발 실무
SW개발-N/A-IT,IT/SW,SW개발,SW개발,N/A,IT,"SW개발 실무, 설계부터 pkg업그레이드까지 모두 경험하기"
SW개발-N/A-IT,IT/SW,SW개발,SW개발,N/A,IT,블록체인 스타트업 현업 개발자와 함께 하는 SW개발 실무
SW개발-N/A-자동차,IT/SW,SW개발,SW개발,N/A,자동차,"자율주행 로봇부터 자동차까지, 대기업 SW개발 현직자와 실무 경험하기"
SW개발-N/A-자동차,IT/SW,SW개발,SW개발,N/A,자동차,임베디드 SW개발자와 함께 가상 MCU로 배우는 실무 체험
SW개발-N/A-전자/기계,IT/SW,SW개발,SW개발,N/A,전자/기계,학교엔 없는 실제 SW개발팀 업무 프로세스를 배우세요
SW개발-SW개발-자동차,IT/SW,SW개발,SW개발,SW개발,자동차,자동차 공학박사와 함께하는 전기차 자율주행차 SW개발 실무
SW개발-디자인패턴-IT,IT/SW,SW개발,SW개발,디자인패턴,IT,IT대기업 현직자가 알려주는 디자인 패턴으로 진짜 실무 개발 역량 키우기
SW개발-로봇개발-제조업,IT/SW,SW개발,SW개발,로봇개발,제조업,대기업 로봇 개발자와 함께하는 'SW개발' 실무 성과 만들기
SW개발-모던cpp-IT,IT/SW,SW개발,SW개발,모던cpp,IT,Modern CPP를 사용해서 현업에서 바로 사용할 수 있는 개발하기
SW개발-백엔드-IT,IT/SW,SW개발,SW개발,백엔드,IT,IT 대기업 현업 개발자와 함께 하는 백엔드 개발 실무
SW개발-백엔드-IT,IT/SW,SW개발,SW개발,백엔드,IT,기획부터 개발까지 파이썬 백엔드 개발 실무 체험
SW개발-백엔드-IT,IT/SW,SW개발,SW개발,백엔드,IT,IT 대기업 개발자와 채팅 서비스 마이그레이션으로 백엔드 직무 체험하기
SW개발-백엔드-IT,IT/SW,SW개발,SW개발,백엔드,IT,나만의 포트폴리오 작성으로 웹개발 백엔드 직무 체험하기
SW개발-백엔드-IT,IT/SW,SW개발,SW개발,백엔드,IT,"파이썬으로 배우는 백엔드 개발 실무 : API 개발, 구현, 배포 등"
SW개발-백엔드-IT,IT/SW,SW개발,SW개발,백엔드,IT,유니콘 스타트업 기술 면접관에게 배우는 찐 현업 백엔드 개발 실무
SW개발-백엔드-IT,IT/SW,SW개발,SW개발,백엔드,IT,"백엔드 개발 프로세스 체험. 서비스 설계, 데이터 전달 구상, 코드 작성"
SW개발-백엔드-IT,IT/SW,SW개발,SW개발,백엔드,IT,백엔드 개발 프로젝트를 수행하며 실무 경험 쌓기
SW개발-서버-IT,IT/SW,SW개발,SW개발,서버,IT,대기업 서버개발 현직자가 알려주는 서버개발 실무
SW개발-알고리즘-IT,IT/SW,SW개발,SW개발,알고리즘,IT,실전에 활용할 수 있는 알고리즘 개발 역량 강화하기
SW개발-알고리즘-IT,IT/SW,SW개발,SW개발,알고리즘,IT,현업에서 쓰이는 알고리즘으로 효율적인 SW개발자로 거듭나기
SW개발-인공지능-IT,IT/SW,SW개발,SW개발,인공지능,IT,현직 AI 엔지니어와 실전 Computer Vision : Git부터 AI 모델링까지
SW개발-임베디드-자동차,IT/SW,SW개발,SW개발,임베디드,자동차,자동차 전장 SW개발 현직자와 함께하는 SW개발 실무
SW개발-프론트-IT,IT/SW,SW개발,SW개발,프론트,IT,프론트엔드 실무 프로세스 체험 : 프로젝트 세팅부터 회고까지
게임-N/A-IT,IT/SW,게임,게임,N/A,IT,게임QA(Quality Assurance) 실무 수행하기
네트워크-N/A-통신,IT/SW,네트워크,네트워크,N/A,통신,"통신사 현직자와 함께하는 인프라, 네트워크 실무"
데이터-API개발-IT,IT/SW,데이터,데이터,API개발,IT,"데이터 엔지니어가 실제로 하는 API 개발 전체 과정, 이슈 및 해결방안"
데이터-DB-IT,IT/SW,데이터,데이터,DB,IT,IT현직자가 알려주는 SQL로 배우는 데이터 실무 AtoZ
데이터-N/A-IT,IT/SW,데이터,데이터,N/A,IT,현직 데이터분석팀 리드와 함께하는 데이터 분석 실무
데이터-N/A-IT,IT/SW,데이터,데이터,N/A,IT,"매출 데이터 분석과 보고서 작성으로 배우는 데이터 분석, 시각화 실무"
데이터-N/A-IT,IT/SW,데이터,데이터,N/A,IT,데이터 전처리 및 데이터 분석을 기반으로 실무 체험하기!
데이터-N/A-IT,IT/SW,데이터,데이터,N/A,IT,데이터 분석 실무체험 : 프로덕트/서비스에 최적화된 데이터 분석 기획하기
데이터-N/A-금융,IT/SW,데이터,데이터,N/A,금융,비전공자 출신 현직자와 함께 하는 SQL 활용 데이터 분석 직무 체험
데이터-N/A-산업무관,IT/SW,데이터,데이터,N/A,산업무관,SQL과 Redash를 활용한 E-commerce 데이터 분석 실무 체험
데이터-N/A-커머스,IT/SW,데이터,데이터,N/A,커머스,실무에도 통하는 데이터 분석 프로젝트 포트폴리오 만들기
데이터-PM-IT,IT/SW,데이터,데이터,PM,IT,IT 회사 데이터 활용의 중심이 되는 데이터 PM 실무 체험하기
데이터-SQL-IT,IT/SW,데이터,데이터,SQL,IT,SQL 입문부터 활용까지 - 데이터 분석 보고서 작성과 대시보드 개발
데이터-SQL-IT,IT/SW,데이터,데이터,SQL,IT,신입 데이터 분석가 되어보기: SQL 부터 유저 세분화까지
데이터-SQL-IT,IT/SW,데이터,데이터,SQL,IT,IT현직자가 알려주는 SQL로 배우는 데이터 추출 실무 백서 A to Z
데이터-SQL-IT,IT/SW,데이터,데이터,SQL,IT,대기업 현직자와 함께 SQL과 고객요구사항 실무까지 데이터 직무 AtoZ
데이터-SQL-IT,IT/SW,데이터,데이터,SQL,IT,Analytics와 SQL을 이용한 IT 앱 서비스 데이터 분석 실무
데이터-SQL-IT,IT/SW,데이터,데이터,SQL,IT,데이터 엔지니어에게 배우는 SQL 데이터 처리 실무
데이터베이스(DB)-DB-IT,IT/SW,데이터베이스(DB),데이터베이스(DB),DB,IT,데이터 엔지니어의 모든 실무 유형과 취업전략
데이터베이스(DB)-DB-IT,IT/SW,데이터베이스(DB),데이터베이스(DB),DB,IT,IT대기업 현직자 엔지니어와 함께하는 데이터베이스(DB) 실무
보안-N/A-IT,IT/SW,보안,보안,N/A,IT,IT 보안 최고 책임자와 함께하는 정보보안 실무 체험하기
보안-N/A-산업무관,IT/SW,보안,보안,N/A,산업무관,"현업 보안 담당자와 함께 정보보안, 개인정보 보호 실무체험하기"
보안-N/A-산업무관,IT/SW,보안,보안,N/A,산업무관,현직 담당자가 알려주는 개인정보보호 실무
빅데이터-N/A-IT,IT/SW,빅데이터,빅데이터,N/A,IT,IT대기업 현직자와 빅데이터 실무 기초부터 실전까지 AtoZ 경험하기
빅데이터-N/A-IT,IT/SW,빅데이터,빅데이터,N/A,IT,"현직 빅데이터 분석가와 함께하는 ""실전 분석 역량"" 기르기"
빅데이터-N/A-IT,IT/SW,빅데이터,빅데이터,N/A,IT,데이터분석 실무자와 빅데이터 인프라부터 데이터 분석 경험하기
빅데이터-N/A-IT,IT/SW,빅데이터,빅데이터,N/A,IT,"빅데이터 분석? 실무 비지니스 처럼 한 번, 분석해보자."
빅데이터-N/A-IT,IT/SW,빅데이터,빅데이터,N/A,IT,"빅데이터 실무 체험 : 서비스 이해부터 데이터 분석, 인사이트 도출까지"
빅데이터-N/A-IT,IT/SW,빅데이터,빅데이터,N/A,IT,"실무에서 빛나는 데이터 사이언티스트 되기, 실무의 AI/ML AtoZ"
빅데이터-N/A-금융,IT/SW,빅데이터,빅데이터,N/A,금융,분석 역량과 부동산 지식을 한 번에 쌓는 데이터 분석 프로젝트 실무 체험
빅데이터-N/A-정부/공공기관,IT/SW,빅데이터,빅데이터,N/A,정부/공공기관,AI/데이터 기획 직무 경험 : 소통 노하우부터 모델링 보고서까지
시스템엔지니어-IT컨설팅-IT,IT/SW,시스템엔지니어,시스템엔지니어,IT컨설팅,IT,대기업 IT 컨설턴트와 함께하는 IT 컨설팅 실무 경험!
시스템엔지니어-N/A-IT,IT/SW,시스템엔지니어,시스템엔지니어,N/A,IT,IT개발환경 세팅을 위한 시스템엔지니어 업무 프로세스 경험하기
시스템엔지니어-클라우드-IT,IT/SW,시스템엔지니어,시스템엔지니어,클라우드,IT,대기업 인프라 엔지니어와 실전사례로 클라우드 설계/구축/운영 풀코스 체험
웹개발-N/A-IT,IT/SW,웹개발,웹개발,N/A,IT,"800개 이상의 프로젝트를 리뷰한 현직자와 함께하는 웹 접근성, 웹 표준 직무체험"
웹개발-N/A-IT,IT/SW,웹개발,웹개발,N/A,IT,반응형 웹 제작으로 배우는 UI개발 실무
웹개발-N/A-IT,IT/SW,웹개발,웹개발,N/A,IT,대기업과 IT 스타트업에서 모두 활용 가능한 웹개발 직무 체험
웹개발-N/A-IT,IT/SW,웹개발,웹개발,N/A,IT,실제 현업 WEB 개발자와 함께 SW 포트폴리오 제작까지!
웹개발-N/A-IT,IT/SW,웹개발,웹개발,N/A,IT,"CSS 레이아웃 설계의 모든 것! 기본 개념부터 Flex, Grid 까지"
웹개발-N/A-IT,IT/SW,웹개발,웹개발,N/A,IT,컴포넌트 단위 웹개발 : 포트폴리오 완성하기
웹개발-N/A-금융,IT/SW,웹개발,웹개발,N/A,금융,10년차 현직자와 함께하는 웹개발 실무 체험 : 프론트엔드부터 백엔드까지
웹개발-백엔드-IT,IT/SW,웹개발,웹개발,백엔드,IT,백엔드 개발의 기본기를 잡아가는 크롤링 마스터하기
웹개발-프론트-IT,IT/SW,웹개발,웹개발,프론트,IT,프론트엔드 현직자와 함께하는 개발 직무 A to Z
웹개발-프론트-IT,IT/SW,웹개발,웹개발,프론트,IT,스타트업 프론트엔드 개발자로 실무 체험하기
웹개발-프론트-IT,IT/SW,웹개발,웹개발,프론트,IT,프론트엔드 개발자와 React를 이용한 개발 및 배포 실무 경험하기
인공지능-N/A-IT,IT/SW,인공지능,인공지능,N/A,IT,"인공지능을 활용한 챗봇 구축 기획부터 설계, 구현 A to Z"
인공지능-N/A-IT,IT/SW,인공지능,인공지능,N/A,IT,데이터사이언티스트와 함께하는 인공지능 프로젝트 A to Z : 모델링부터 서빙까지
인공지능-N/A-IT,IT/SW,인공지능,인공지능,N/A,IT,인공지능(AI) 직무 현직자와 함께 인공지능 서비스 기획 및 개발하기
인공지능-인공지능-IT,IT/SW,인공지능,인공지능,인공지능,IT,현직 인공지능 엔지니어와 함께하는 AI 에이전트 개발의 모든 것
전산-N/A-IT,IT/SW,전산,전산,N/A,IT,"서버, 네트워크 등을 관리하는 '전산관리' 직무 이해하기"
전산-N/A-공기업,IT/SW,전산,전산,N/A,공기업,"공기업 현업처럼 사업해보기 : 망구성, 사업금액부터 RFP 작성까지"
전산-N/A-패션,IT/SW,전산,전산,N/A,패션,외국계 대기업 시스템 관리자 직무 체험 : OS생성부터 장애 예방까지
BM-N/A-뷰티/생활,MD/상품기획,BM,BM,N/A,뷰티/생활,"대기업 뷰티 BM과 함께 하는 실제 뷰티 브랜드, 히트제품 런칭 프로세스"
BM-N/A-뷰티/생활,MD/상품기획,BM,BM,N/A,뷰티/생활,대기업 10년차 뷰티BM과 함께하는 상품 기획 실무 & 포트폴리오 만들기
BM-N/A-뷰티/생활,MD/상품기획,BM,BM,N/A,뷰티/생활,화장품 BM 매니저와 함께 상품 개발 직무 이해하기
BM-N/A-뷰티/생활,MD/상품기획,BM,BM,N/A,뷰티/생활,뷰티대기업 히트상품 BM 현직자의 밀착 실무 강의
MD-N/A-산업무관,MD/상품기획,MD,MD,N/A,산업무관,상품개발 및 프로모션 운영으로 이커머스 MD 직무 깊이 이해하기
MD-N/A-식음료,MD/상품기획,MD,MD,N/A,식음료,"대형마트 신선식품 바이어(MD)의 매출분석, 행사기획, 상품개발 실무체험"
MD-N/A-유통/물류,MD/상품기획,MD,MD,N/A,유통/물류,유통업 식품MD 현직자에게 배우는 상품기획 실무
MD-N/A-패션,MD/상품기획,MD,MD,N/A,패션,"소비트렌드 예측, 판매데이터 분석과 물량기획으로 배우는 MD 실무"
MD-N/A-패션,MD/상품기획,MD,MD,N/A,패션,"화려하게만 보이는 명품, 패션 바이어 MD의 진짜 실무를 배워보세요"
MD-면세점-유통/물류,MD/상품기획,MD,MD,면세점,유통/물류,"면세점 MD가 되어 바잉 계획부터 브랜드 입점, PB상품 개발까지"
MD-백화점-유통/물류,MD/상품기획,MD,MD,백화점,유통/물류,3대 백화점 현직자와 함께 경험하는 진짜 MD 실무
MD-식품-유통/물류,MD/상품기획,MD,MD,식품,유통/물류,유통사 현직자와 함께하는 MD 실무체험
MD/상품기획-N/A-MD,MD/상품기획,MD/상품기획,MD/상품기획,N/A,MD,"이커머스 시대, 배송 PB 상품 기획으로 체험하는 MD 직무의 AtoZ"
MD/상품기획-N/A-뷰티/생활,MD/상품기획,MD/상품기획,MD/상품기획,N/A,뷰티/생활,코멘토 내부 줌 특강
MD/상품기획-N/A-뷰티/생활,MD/상품기획,MD/상품기획,MD/상품기획,N/A,뷰티/생활,코스메틱 상품 기획 MD 직무 체험하기
MD/상품기획-N/A-유통/물류,MD/상품기획,MD/상품기획,MD/상품기획,N/A,유통/물류,편의점 영업관리와 MD의 실제 업무를 통해 알아보는 상품기획이란
MD/상품기획-N/A-커머스,MD/상품기획,MD/상품기획,MD/상품기획,N/A,커머스,MD가 되어 직접 오픈 마켓의 상품 기획하기
MD/상품기획-N/A-패션,MD/상품기획,MD/상품기획,MD/상품기획,N/A,패션,창업/플랫폼 모두 경험한 멘토와 패션 브랜드 온라인MD 실무 체험하기
MD/상품기획-N/A-패션,MD/상품기획,MD/상품기획,MD/상품기획,N/A,패션,"대기업 패션회사 상품기획MD 체험, 제조부터 매출 관리까지!"
MD/상품기획-N/A-패션,MD/상품기획,MD/상품기획,MD/상품기획,N/A,패션,브랜드 분석부터 판매율관리까지 패션MD 실무 A to Z
상품기획-N/A-산업무관,MD/상품기획,상품기획,상품기획,N/A,산업무관,"글로벌 차종 상품 기획, 대기업 현직자와 함께 하면 어렵지 않아요!"
상품기획-N/A-산업무관,MD/상품기획,상품기획,상품기획,N/A,산업무관,3대 통신사 현직자와 함께하는 상품기획의 A to Z
영업관리/MD-N/A-방송/엔터,MD/상품기획,영업관리/MD,영업관리/MD,N/A,방송/엔터,이커머스와 홈쇼핑 온라인 유통 MD 실무 체험하기
영업관리/MD-N/A-유통/물류,MD/상품기획,영업관리/MD,영업관리/MD,N/A,유통/물류,3대 홈쇼핑 MD와 함께 신상품 론칭 실무경험
영업관리/MD-N/A-패션,MD/상품기획,영업관리/MD,영업관리/MD,N/A,패션,패션 MD vs 영업 : 5주 인턴이 되어 나에게 맞는 패션회사 직무찾기
IT PM-N/A-게임,PM,IT PM,IT PM,N/A,게임,게임사업 PM 실무 및 게임 서비스 사이클에 대한 이해
IT PM-N/A-전자/기계,PM,IT PM,IT PM,N/A,전자/기계,"모바일 PM과 함께하는 모바일 OS 분석, 프로젝트 관리 실무 체험"
PM-N/A-건설/중공업,PM,PM,PM,N/A,건설/중공업,산업공학 전공자가 도전해 볼 직무! 건설사 Planner에 도전하세요!
PM-N/A-게임,PM,PM,PM,N/A,게임,"게임 사업 PM 실무의 A-Z, 직무 준비를 위한 필수 코스!"
PM-N/A-자동차,PM,PM,PM,N/A,자동차,"대기업 배터리사(2차 전지) 자동차산업 노다지 직무, PM 직무 체험하기"
PM-프로덕트-IT,PM,PM,PM,프로덕트,IT,웹/모바일 앱 전문 PM과 함께하는 프로덕트 매니저 실무 체험
PM-프로덕트-커머스,PM,PM,PM,프로덕트,커머스,온라인 서비스 플랫폼 Product Manager(PM) 직무 체험
PM-프로젝트-게임,PM,PM,PM,프로젝트,게임,문과라서 가능하다! 게임업계 사업PM에 대한 모든 것을 알려드립니다!
ERP-N/A-전자/기계,SCM,ERP,ERP,N/A,전자/기계,글로벌 빅4 컨설팅펌 컨설턴트와 함께하는 SCM(ERP)
SCM-N/A-뷰티/생활,SCM,SCM,SCM,N/A,뷰티/생활,밸류 체인 별 이슈 분석 및 전략 수립으로 배우는 SCM 실무
SCM-N/A-산업무관,SCM,SCM,SCM,N/A,산업무관,SCM 전문가가 SCM의 기초부터 제대로 잡아드립니다
SCM-N/A-산업무관,SCM,SCM,SCM,N/A,산업무관,현직자와 함께하는 SCM 직무 이해하기
SCM-N/A-유통/물류,SCM,SCM,SCM,N/A,유통/물류,종합물류기업 기술개발 연구원 멘토와 함께하는 SCM 컨설팅 실무 체험
SCM-N/A-유통/물류,SCM,SCM,SCM,N/A,유통/물류,면세점의 물류와 유통은 어떻게 이루어질까?
SCM-N/A-유통/물류,SCM,SCM,SCM,N/A,유통/물류,연매출 5조 대기업 현직자와 함께하는 SCM
SCM-N/A-제조업,SCM,SCM,SCM,N/A,제조업,반도체설비회사 SCM 직무 현직자에게 배우는 SCM 지원 가이드라인 업무
SCM-N/A-회계/컨설팅,SCM,SCM,SCM,N/A,회계/컨설팅,글로벌 빅4 출신 컨설턴트와 함께하는 SCM/물류 컨설팅 업계 이해하기
기계설계-N/A-에너지/화학,건설/기계/기술,기계설계,기계설계,N/A,에너지/화학,석유화학 Global  EPC 현직자와 함께하는 기계설계 실무
기계설계-P&ID-건설/중공업,건설/기계/기술,기계설계,기계설계,P&ID,건설/중공업,"플랜트 설계 실무 체험 : PFD 및 P&ID 작성, 위험성 평가 등"
기계설계-플랜트-건설/중공업,건설/기계/기술,기계설계,기계설계,플랜트,건설/중공업,입찰 프로젝트 실무를 통해 플랜트 기계 설계 직무 이해하기
기계설계-플랜트-건설/중공업,건설/기계/기술,기계설계,기계설계,플랜트,건설/중공업,발전소 플랜트 담당자의 기계 및 프로세스 설계 실무
기계설계-플랜트-건설/중공업,건설/기계/기술,기계설계,기계설계,플랜트,건설/중공업,Global  EPC 전력(발전) 기계 설계 현직 실무 캠프
기술직-N/A-공기업,건설/기계/기술,기술직,기술직,N/A,공기업,현직자가 알려주는 공기업 기술직 실무
기술직-에너지-공기업,건설/기계/기술,기술직,기술직,에너지,공기업,건설공사를 직접 계획해보면서 배우는 공기업 기술직 실무!
기술직-에너지-공기업,건설/기계/기술,기술직,기술직,에너지,공기업,공기업 기술직의 A to Z 실무경험하기
설계-N/A-건설/중공업,건설/기계/기술,설계,설계,N/A,건설/중공업,해외 플랜트 설계 현업 체험 : 설계 직무에서 가장 중요한 핵심 역량 배우기
설계-N/A-공기업,건설/기계/기술,설계,설계,N/A,공기업,공기업 시설 파트 설계 직무가 하는 일 A부터 Z까지 경험하기!
설계-건축-건설/중공업,건설/기계/기술,설계,설계,건축,건설/중공업,"대형건축설계사무소는 수주과정에서 어떤 일을 하고, 어떻게 사고할까?"
설계-계장설계-건설/중공업,건설/기계/기술,설계,설계,계장설계,건설/중공업,Global EPC 현직자와 함께하는 계장(제어) 설계 실무 이해
설계-플랜트-건설/중공업,건설/기계/기술,설계,설계,플랜트,건설/중공업,플랜트 설계 10년 이상 현직자와 함께하는 사우디 플랜트 종합설계 체험!
설계-플랜트설계-건설/중공업,건설/기계/기술,설계,설계,플랜트설계,건설/중공업,엔지니어링사 현직자와 화공 공정설계 실무 체험
소방통신설비-N/A-건설/기계/기술,건설/기계/기술,소방통신설비,소방통신설비,N/A,건설/기계/기술,현직자와 함께 하는 찐 소방안전관리 업무의 경험과 이해
안전-N/A-산업무관,건설/기계/기술,안전,안전,N/A,산업무관,안전관리자의 핵심 업무 : 안전경영시스템 및 PSM 이해하기
안전-N/A-산업무관,건설/기계/기술,안전,안전,N/A,산업무관,"안전관리자 실무 체험하기 : 위험성 평가, 현장 안전진단 등"
안전-N/A-산업무관,건설/기계/기술,안전,안전,N/A,산업무관,넓고 광범위한 안전 관리 업무 명확히 깨우치기 그리고 PSM
안전-N/A-산업무관,건설/기계/기술,안전,안전,N/A,산업무관,안전관리 업무와 안전기획 업무 : 현장 안전관리와 본사 안전관리
안전-N/A-산업무관,건설/기계/기술,안전,안전,N/A,산업무관,"현장 안전, PSM 등 실무과제를 통한 안전, 보건 업무의 이해"
안전-N/A-정부/공공기관,건설/기계/기술,안전,안전,N/A,정부/공공기관,공기업 현직자와 안전/보건관리자 실무 체험하기
안전-N/A-제조업,건설/기계/기술,안전,안전,N/A,제조업,"안전관리 현직자와 함께하는 안전관리자 필수 실무 체험 : 위험성 평가, PSM 등"
안전-보건-산업무관,건설/기계/기술,안전,안전,보건,산업무관,"보건관리자, 산업보건 실무 체험하기 (사업장 보건업무 이해하기)"
안전환경보건-N/A-산업무관,건설/기계/기술,안전환경보건,안전환경보건,N/A,산업무관,안전보건환경 직무 종사자라면 꼭 알아야 하는 실무 내용 경험하기
안전환경보건-N/A-에너지/화학,건설/기계/기술,안전환경보건,안전환경보건,N/A,에너지/화학,"대기업·외국계 기준 안전관리 실무: PSM, EHS, 안전보건전담조직"
전기-N/A-반도체,건설/기계/기술,전기,전기,N/A,반도체,대기업 전기기술 현직자와 함께하는 전기 기술 실무 경험
전기-계장제어-건설/중공업,건설/기계/기술,전기,전기,계장제어,건설/중공업,"Top 대기업,외국계 출신 전문가의 전기/계장제어(PLC) 설계·유지관리 실무"
전기-계장제어-건설/중공업,건설/기계/기술,전기,전기,계장제어,건설/중공업,"대기업 전기/계장, 제어설계 현직 전문가와 프로젝트 엔지니어링 실무 경험하기"
전기-계전-에너지/화학,건설/기계/기술,전기,전기,계전,에너지/화학,대기업 현직 전기 엔지니어가 알려주는 현장 실무 A to Z
전기-발전플랜트설계-건설/중공업,건설/기계/기술,전기,전기,발전플랜트설계,건설/중공업,"발전플랜트 분야 프로젝트 수주 후, 전기 설계 직무에서 하는 일 체험하기"
전기-발전플랜트설계-건설/중공업,건설/기계/기술,전기,전기,발전플랜트설계,건설/중공업,전기설계 현직자와 함께 발전 플랜트 설계로 전기설계 직무 경험!
전기-설계-전자/기계,건설/기계/기술,전기,전기,설계,전자/기계,전기 엔지니어와 함께 전기설계 실무 이해하기
전기-송변전-공기업,건설/기계/기술,전기,전기,송변전,공기업,전기지식 이해도 완성을 위한 송·변전 실무 체험
전기-전력공급-공기업,건설/기계/기술,전기,전기,전력공급,공기업,대한민국의 전기 서비스 품질 관리 실무로 전력 공기업 직무 체험
전기-플랜트-건설/중공업,건설/기계/기술,전기,전기,플랜트,건설/중공업,EPC 플랜트 전기설계자와 함께 실무 체험하기
조경-N/A-건설/중공업,건설/기계/기술,조경,조경,N/A,건설/중공업,자격증과 학교공부로 알기 어려운 조경 실무
토목-N/A-건설/중공업,건설/기계/기술,토목,토목,N/A,건설/중공업,건설사 토목직 현직자의 업무 체험하기
프로젝트엔지니어-N/A-건설/중공업,건설/기계/기술,프로젝트엔지니어,프로젝트엔지니어,N/A,건설/중공업,Global EPC 현직자와 함께하는 프로젝트 엔지니어 실무 이해
"현장, 시공, 감리, 공무-N/A-건설/중공업",건설/기계/기술,"현장, 시공, 감리, 공무","현장, 시공, 감리, 공무",N/A,건설/중공업,"현장 시공, 품질, 안전 실무부터 건설사업 수주까지! 건설 사업 실무!"
"현장, 시공, 감리, 공무-인프라-반도체",건설/기계/기술,"현장, 시공, 감리, 공무","현장, 시공, 감리, 공무",인프라,반도체,"반도체 인프라기술, Utility 업무 간접경험을 통해 직무 능력 향상하기"
환경-N/A-산업무관,건설/기계/기술,환경,환경,N/A,산업무관,학교에선 알려주지 않는 환경 실무 이해하기
환경-N/A-산업무관,건설/기계/기술,환경,환경,N/A,산업무관,"대기업 환경안전 과장과 함께 ESG, 환경안전 실무 배우기!"
ESG-N/A-산업무관,경영/사무/행정,ESG,ESG,N/A,산업무관,ESG 업무 이해를 바탕으로 실무 체험하기:보고서 발간부터 개선 과제까지
ESG-N/A-산업무관,경영/사무/행정,ESG,ESG,N/A,산업무관,대기업 ESG/Global CSR 업무를 통한 지속가능경영 이해하기 (ESG Master)
ESG-N/A-산업무관,경영/사무/행정,ESG,ESG,N/A,산업무관,전략적 ESG : 지속 가능성 과제를 성장 기회로 전환
IR-N/A-산업무관,경영/사무/행정,IR,IR,N/A,산업무관,L전자•화장품 대기업 출신 멘토와 함께하는 IR 실무 체험
MICE-N/A-호텔/레저,경영/사무/행정,MICE,MICE,N/A,호텔/레저,MICE 산업 PCO(국제회의 기획사)가 실제로 하는 일 체험하기
경영관리-N/A-금융,경영/사무/행정,경영관리,경영관리,N/A,금융,재무기획 현직자에게 배우는 경영계획 조정부터 사업 수익성 진단까지
경영관리-N/A-산업무관,경영/사무/행정,경영관리,경영관리,N/A,산업무관,"경영관리의 핵심, 경영진 보고실무 과제로 경영관리 직무 이해"
경영관리-N/A-산업무관,경영/사무/행정,경영관리,경영관리,N/A,산업무관,금융권 인사담당자와 함께하는 경영관리 실무 체험
경영기획-N/A-산업무관,경영/사무/행정,경영기획,경영기획,N/A,산업무관,"예산 적정성 검토부터 KPI 수립까지, 경영기획 직무에서 하는 일 체험"
경영기획-N/A-산업무관,경영/사무/행정,경영기획,경영기획,N/A,산업무관,식품유통계열 현직자의 경영기획 실무
경영기획-N/A-산업무관,경영/사무/행정,경영기획,경영기획,N/A,산업무관,대기업 S사 현직자의 경영기획 실무
경영기획-N/A-유통/물류,경영/사무/행정,경영기획,경영기획,N/A,유통/물류,경영 기획(전략 기획) 직무는 어떤 일을 할까? : 기초 실무 체험하기
경영지원-N/A-산업무관,경영/사무/행정,경영지원,경영지원,N/A,산업무관,"중소, 중견 기업의 경영지원 업무는 무슨일을 할까?"
국제협력-N/A-비영리,경영/사무/행정,국제협력,국제협력,N/A,비영리,프로젝트 수행 및 관리 과제로 경험하는 국제개발협력 주니어 실무 체험
국제협력-N/A-비영리,경영/사무/행정,국제협력,국제협력,N/A,비영리,프로젝트 기획 및 관리 실무로 국제개발협력 직무 깊이 이해하기
국제협력-N/A-정부/공공기관,경영/사무/행정,국제협력,국제협력,N/A,정부/공공기관,신입 때 제대로 인정받을 수 있는 공공기관 국제협력 실무 액기스 배우기
국제협력-N/A-정부/공공기관,경영/사무/행정,국제협력,국제협력,N/A,정부/공공기관,"글로벌 시대, 국제회의를 직접 기획하고 실무를 경험해보세요"
국제협력-N/A-정부/공공기관,경영/사무/행정,국제협력,국제협력,N/A,정부/공공기관,국제협력개발 실무 체험하기 : ODA 사업 기획부터 결과 보고까지
법무-N/A-제약/바이오,경영/사무/행정,법무,법무,N/A,제약/바이오,법률자문의견서부터 Risk평가까지 유형 별 법무 실무 체험
사무행정-N/A-공기업,경영/사무/행정,사무행정,사무행정,N/A,공기업,K공기업 실제 신규사업 개발을 통해 사무행정 직무 경험하기
사무행정-N/A-공기업,경영/사무/행정,사무행정,사무행정,N/A,공기업,K공기업 사무행정은 실제로 무슨 일을 할까?
사무행정-N/A-공기업,경영/사무/행정,사무행정,사무행정,N/A,공기업,비상경계 출신 멘토와 함께 공기업 사무 행정직 실무 체험하기
사무행정-N/A-에너지/화학,경영/사무/행정,사무행정,사무행정,N/A,에너지/화학,에너지산업과 파워플랜트(발전소) 행정실무 정복 : 전력거래부터 REC발급까지
사무행정-N/A-정부/공공기관,경영/사무/행정,사무행정,사무행정,N/A,정부/공공기관,공공기관 사무행정직이 실제로 하는 일 A to Z
사무행정-N/A-정부/공공기관,경영/사무/행정,사무행정,사무행정,N/A,정부/공공기관,"공공기관 실무자와 함께하는 기획,행정 업무 이해"
사무행정-N/A-정부/공공기관,경영/사무/행정,사무행정,사무행정,N/A,정부/공공기관,공공기관 사무행정직(총무) 업무를 토대로 8대 핵심 역량 기르기
사무행정-N/A-정부/공공기관,경영/사무/행정,사무행정,사무행정,N/A,정부/공공기관,공공기관 공통 행정업무를 중심으로 사무행정 직무 핵심 파악하기
사무행정-N/A-정부/공공기관,경영/사무/행정,사무행정,사무행정,N/A,정부/공공기관,경쟁률 높은 금융권 협회의 실제 업무 체험하고 필수 역량 알아보기
사무행정-N/A-정부/공공기관,경영/사무/행정,사무행정,사무행정,N/A,정부/공공기관,대학 교직원과 함께하는 실전 교육 행정직무의 모든 것!
사무행정-N/A-정부/공공기관,경영/사무/행정,사무행정,사무행정,N/A,정부/공공기관,"공공기관 행정직 업무 체험 : 사업 기획, 보도자료 작성, 결과 보고 등"
사무행정-N/A-정부/공공기관,경영/사무/행정,사무행정,사무행정,N/A,정부/공공기관,공공기관 사무행정 직무 실무자가 되어 신규 사업 기획해보기
사무행정-N/A-정부/공공기관,경영/사무/행정,사무행정,사무행정,N/A,정부/공공기관,공공기관 사업 운영 및 사무 행정 업무 경험하기
사무행정-N/A-정부/공공기관,경영/사무/행정,사무행정,사무행정,N/A,정부/공공기관,고졸 전형 공공기관 사무행정직 실무 체험 A to Z
사무행정-N/A-정부/공공기관,경영/사무/행정,사무행정,사무행정,N/A,정부/공공기관,공공기관 사무행정 실무 체험 : 사업 계획 및 운영 기본기 다지기
사무행정-N/A-정부/공공기관,경영/사무/행정,사무행정,사무행정,N/A,정부/공공기관,공공기관_이사회 운영으로 체험하는 행정 사무 실무 캠프
사무행정-N/A-철도공기업,경영/사무/행정,사무행정,사무행정,N/A,철도공기업,철도 공기업 현직자와 사무행정 실무 체험하기
사회공헌-N/A-건설/중공업,경영/사무/행정,사회공헌,사회공헌,N/A,건설/중공업,"기업사회공헌 직무, 대기업 현직자가 직접 알려드리겠습니다."
사회공헌-N/A-비영리,경영/사무/행정,사회공헌,사회공헌,N/A,비영리,대기업 비영리재단 사회공헌 사업기획 직무 경험해보기
사회공헌-N/A-비영리,경영/사무/행정,사회공헌,사회공헌,N/A,비영리,"기업 재단, 비영리 기관 핵심업무를 바탕으로 사회복지, 사회공헌 직무 경험하기"
재무-N/A-반도체,경영/사무/행정,재무,재무,N/A,반도체,"제조업 원가관리 실무로 배우는 재무 이야기 : 분석력, 소통 능력 기르기"
재무-N/A-산업무관,경영/사무/행정,재무,재무,N/A,산업무관,경영지원/관리/기획/재경 실무의 문제해결/보고/소통 등 핵심역량 기르기
재무-N/A-산업무관,경영/사무/행정,재무,재무,N/A,산업무관,제조 대기업 재무 전문가가 알려주는 재무 실무
재무-N/A-산업무관,경영/사무/행정,재무,재무,N/A,산업무관,"재무관리의 핵심-손익 관련 사업계획 수립과 실적 분석, 보고하기"
재무-N/A-산업무관,경영/사무/행정,재무,재무,N/A,산업무관,"제조업 원가관리 실무로 배우는 재무 이야기 : 분석력, 소통능력 기르기"
재무-N/A-산업무관,경영/사무/행정,재무,재무,N/A,산업무관,"글로벌 탑티어 제조기업 재무담당자와 함께하는 재무, 전략실무 경험!"
재무-관리회계-산업무관,경영/사무/행정,재무,재무,관리회계,산업무관,자격증 공부만으로 알 수 없는 재경팀 재무 실무를 알려드립니다(관리회계)
재무-재무기획-금융,경영/사무/행정,재무,재무,재무기획,금융,"FP&A 현직자와 재무기획, 사업기획 및 경영관리 핵심실무(사업계획) 경험하기"
재무-재무회계-산업무관,경영/사무/행정,재무,재무,재무회계,산업무관,회계전표 검수부터 결산보고 및 감사까지. 재무회계실전 스프링보드 점핑!
재무-재무회계-산업무관,경영/사무/행정,재무,재무,재무회계,산업무관,대기업 10년차가 알려주는 All about 회계 : 업무 사이클 체험
재무-재무회계-산업무관,경영/사무/행정,재무,재무,재무회계,산업무관,입사 첫날부터 활용할 수 있는 재무 실무 - 현직자와 5주 완성
회계-N/A-산업무관,경영/사무/행정,회계,회계,N/A,산업무관,"비상경계 출신 대기업 현직자가 알려주는 회계,세무 실무"
회계-N/A-산업무관,경영/사무/행정,회계,회계,N/A,산업무관,제조 대기업 회계 전문가가 알려주는 회계 실무
회계-N/A-산업무관,경영/사무/행정,회계,회계,N/A,산업무관,"부가가치세, 원천세, 지방세로 찐하게 경험하는 상장사 실무 회계, 세무 올인원!"
회계-N/A-산업무관,경영/사무/행정,회계,회계,N/A,산업무관,자격증 공부만으로 알 수 없는 회계 실무를 알려드립니다 (재무회계)
회계-N/A-산업무관,경영/사무/행정,회계,회계,N/A,산업무관,국내 대기업 회계 현직자와 함께하는 실제 회계 직무가 하는 일!
회계-N/A-산업무관,경영/사무/행정,회계,회계,N/A,산업무관,IT회사 회계 5~8년 경력자의 회계 실무
회계-N/A-산업무관,경영/사무/행정,회계,회계,N/A,산업무관,글로벌 대기업 현직자에게 배우는 회계 실무
회계-N/A-산업무관,경영/사무/행정,회계,회계,N/A,산업무관,자격증으로는 알 수 없는 외국계 Finance 팀 회계 실무 체험
회계-회계법인-산업무관,경영/사무/행정,회계,회계,회계법인,산업무관,"회계법인 직무 체험 : 급여, 원천세, 부가세 신고, 세무검토 등"
광고-CF제작-광고/마케팅,광고/홍보,광고,광고,CF제작,광고/마케팅,광고회사 현직자와 CF를 만들면서 배우는 광고 아트디렉터 실무
광고-N/A-광고/마케팅,광고/홍보,광고,광고,N/A,광고/마케팅,"브랜드 캠페인 전략부터 크리에이티브 기획까지, 마케팅기획 A to Z"
광고-카피라이팅-광고/마케팅,광고/홍보,광고,광고,카피라이팅,광고/마케팅,광고 카피라이터 전문가의 광고 카피부터 콘티까지 실무 AtoZ 경험하기
사보기획-N/A-광고/마케팅,광고/홍보,사보기획,사보기획,N/A,광고/마케팅,직접 콘텐츠 에디터가 되어 기업 사보 기획해보기
홍보-N/A-유통/물류,광고/홍보,홍보,홍보,N/A,유통/물류,보도자료와 Press Kit 작성으로 배우는 홍보팀(PR)실무 체험
홍보-N/A-호텔/레저,광고/홍보,홍보,홍보,N/A,호텔/레저,대기업 현직자와 함께하는 광고/홍보 실무 100% 이해하기
구매-N/A-산업무관,구매,구매,구매,N/A,산업무관,"대기업 구매팀장과 함께 구매 실무, 전략구매, 원가혁신 핵심업무 경험하기"
구매-N/A-산업무관,구매,구매,구매,N/A,산업무관,"제조업 구매 직무 현직자에게 배우는 구매 직무가 하는 일, 그리고 역량!"
구매-N/A-산업무관,구매,구매,구매,N/A,산업무관,"구매 직무의 모든 것, 현직자와 함께 A to Z 경험하기"
구매-N/A-산업무관,구매,구매,구매,N/A,산업무관,자동차 산업 및 제조업의 구매 트렌드 분석 및 실제 구매 업무 체험
구매-N/A-산업무관,구매,구매,구매,N/A,산업무관,구매 실무 과제로 공급사 선정부터 공급자 품질관리까지 체험하여 역량 쌓기
구매-N/A-산업무관,구매,구매,구매,N/A,산업무관,대기업 구매 직무 경험 쌓기! 협력업체 발굴부터 공급 안정화까지!
구매-N/A-산업무관,구매,구매,구매,N/A,산업무관,제조업/IT 모두 경험해본 현직자와 함께하는 구매 직무 맛보기
구매-N/A-산업무관,구매,구매,구매,N/A,산업무관,구매 직무 담당자가 되어 신규 프로젝트 수주하기
구매-N/A-산업무관,구매,구매,구매,N/A,산업무관,구매의 꽃 : 업체선정 실무로 구매 직무를 깊게 이해해보세요
구매-N/A-산업무관,구매,구매,구매,N/A,산업무관,공급사 선정부터 공급망 관리까지 구매 全 프로세스 경험하기
구매-N/A-자동차,구매,구매,구매,N/A,자동차,구매 직무 현직자와 함께하는 구매 프로세스 및 상황별  R&R 경험!
구매-N/A-전자/기계,구매,구매,구매,N/A,전자/기계,"대기업 합격 경험 多, 공대 선배와 함께하는 구매직무 실무 파헤치기"
IB-N/A-금융,금융/은행/보험,IB,IB,N/A,금융,"여의도, 월스트리트 심사역이 현업에서 진행하는 투자 프로세스 직접 체험하기"
IB-N/A-금융,금융/은행/보험,IB,IB,N/A,금융,스타트업을 발굴하고 심사하는 투자심사역의 실제 업무 체험하기
IB-N/A-금융,금융/은행/보험,IB,IB,N/A,금융,"M&A 전문가, 4 Step만 밟으면 된다"
IB-기업금융-금융,금융/은행/보험,IB,IB,기업금융,금융,실제 기업의 자금조달 제안서 작성을 통해 IBD 기업금융 실무 경험하기
PB-N/A-금융,금융/은행/보험,PB,PB,N/A,금융,증권사 PB 실제 고객 응대 프로세스 체험하기
RA(기업분석)-N/A-금융,금융/은행/보험,RA(기업분석),RA(기업분석),N/A,금융,기업 분석 애널리스트 실무 체험 : 금융업에 대한 이해부터 밸류에이션까지
RA(기업분석)-N/A-금융,금융/은행/보험,RA(기업분석),RA(기업분석),N/A,금융,"좋은 애널리스트의 첫 걸음, 애널리스트가 알려주는 RA(기업분석) 실무"
RA(기업분석)-N/A-비영리,금융/은행/보험,RA(기업분석),RA(기업분석),N/A,비영리,현직 국제기구 애널리스트와 실무 경험하기
금융-N/A-공기업,금융/은행/보험,금융,금융,N/A,공기업,금융 공기업 신용평가 및 심사 직무 역량 기르기
금융-N/A-금융,금융/은행/보험,금융,금융,N/A,금융,"PE/VC 전문가, 4 Step만 밟으면 된다"
금융-RA-금융,금융/은행/보험,금융,금융,RA,금융,매크로 애널리스트의 경제 흐름 보는 법
금융-기업심사-공기업,금융/은행/보험,금융,금융,기업심사,공기업,금융공기업 현직자가 되어 직접 기업 심사 및 평가해보기
금융-대출심사-공기업,금융/은행/보험,금융,금융,대출심사,공기업,금융권 대출 심사 및 연체 관리 실전 체험
금융-상품제안-은행,금융/은행/보험,금융,금융,상품제안,은행,"변화하는 금융공기업에 지금 요구되는 신상품 제안, 기획 실무 경험"
금융-수출입-공기업,금융/은행/보험,금융,금융,수출입,공기업,금융공기업 심사역이 되어 대한민국의 수출기업들을 직접 지원해보기
금융-언더라이팅-금융,금융/은행/보험,금융,금융,언더라이팅,금융,언더라이팅 실무를 체험하며 보험사 직무 이해하기
금융-퀀트-금융,금융/은행/보험,금융,금융,퀀트,금융,현직 증권사 트레이더와 함께하는 금융공학을 활용한 퀀트 운용 직무 체험
금융-퀀트-금융,금융/은행/보험,금융,금융,퀀트,금융,현직 퀀트와 함께하는 운용사/증권사 퀀트 직무체험
금융영업-N/A-금융,금융/은행/보험,금융영업,금융영업,N/A,금융,현업 팀장님과 세일즈 시뮬레이션으로 배우는 금융세일즈 실무
금융영업-N/A-카드,금융/은행/보험,금융영업,금융영업,N/A,카드,자소서에 활용할 수 있는 '금융영업' 기초 지식 및 실무 체험
기업가치평가-N/A-회계/컨설팅,금융/은행/보험,기업가치평가,기업가치평가,N/A,회계/컨설팅,실무로 배우는 기업분석과 가치평가: 실전 Valuation
부동산PM-N/A-금융,금융/은행/보험,부동산PM,부동산PM,N/A,금융,부동산 자산관리(PM) 직무 부트캠프: 전문가로 가는 첫걸음
부동산개발-N/A-금융,금융/은행/보험,부동산개발,부동산개발,N/A,금융,상업용 부동산 가치 평가 직무 체험하기
부동산개발-N/A-금융,금융/은행/보험,부동산개발,부동산개발,N/A,금융,부동산 개발금융(PF) 사업성 분석 실무 직접 체험하기
부동산개발-N/A-금융,금융/은행/보험,부동산개발,부동산개발,N/A,금융,건설사 리스크관리팀 현직자와 부동산 개발검토 및 영업 수행
부동산개발-N/A-금융,금융/은행/보험,부동산개발,부동산개발,N/A,금융,"부동산 투자부터 운용, 매각까지! 부동산 펀드매니저 직무 체험하기"
부동산개발-부동산 투자-신탁,금융/은행/보험,부동산개발,부동산개발,부동산 투자,신탁,부동산 자산운용사의 투자 실무 이해하기 : 실제 Case로 설득력 기르기
부동산개발-신탁-금융,금융/은행/보험,부동산개발,부동산개발,신탁,금융,"부동산 개발, 사업성 및 리스크 분석 등 부동산 개발 실무 직접 체험하기"
은행-N/A-은행,금융/은행/보험,은행,은행,N/A,은행,5대 은행 신입행원이 되어 은행 업무의 모든 것을 직접 수행해보기
은행-N/A-은행,금융/은행/보험,은행,은행,N/A,은행,"행원 선배와 함께 알아가는 은행원이 하는 일, 그리고 은행원의 역량!"
은행-N/A-은행,금융/은행/보험,은행,은행,N/A,은행,"대출도 AI가 하는 시대, 앞으로 은행원에게 필요한 역량 이해하기"
은행-N/A-은행,금융/은행/보험,은행,은행,N/A,은행,은행 신입사원이 꼭 거치는 '지점 영업'을 샅샅이 경험하기
은행-N/A-은행,금융/은행/보험,은행,은행,N/A,은행,영업으로 시작해 영업으로 끝나는 은행업! 실무 체험으로 이해도 높이기!
은행-기업금융-은행,금융/은행/보험,은행,은행,기업금융,은행,고객응대를 넘어 기업금융 경험까지 갖춘 사랑 받는 은행원으로 거듭나세요
은행-기업금융-은행,금융/은행/보험,은행,은행,기업금융,은행,은행 기업금융팀에서 실제로 하는 일을 직접 경험해보세요
게임기획-N/A-게임,기획,게임기획,게임기획,N/A,게임,컨텐츠와 시스템 기획서 작성을 통해 게임 기획 실무 경험하기
게임기획-N/A-게임,기획,게임기획,게임기획,N/A,게임,게임 기획! 경제 밸런스 실무를 기획서와 구글 시트로 정복 하기
게임기획-N/A-게임,기획,게임기획,게임기획,N/A,게임,실무자와 함께 게임 시스템 기획의 기초 맛보기
게임기획-N/A-게임,기획,게임기획,게임기획,N/A,게임,메이저 게임사 콘텐츠는 어떻게 업데이트 될까? 게임기획 실무 체험하기
게임기획-N/A-게임,기획,게임기획,게임기획,N/A,게임,시스템 기획서 작성을 통해 게임 기획 실무 이해하기
게임기획-N/A-게임,기획,게임기획,게임기획,N/A,게임,다양한 장르의 게임 기획 경험을 가진 현직자와 함께 게임 기획해보기!
공연기획/마케팅-N/A-문화/공연,기획,공연기획/마케팅,공연기획/마케팅,N/A,문화/공연,"공연기획서 작성을 통해 공연기획, 마케팅 실무 체험하기"
공연기획/마케팅-N/A-문화/공연,기획,공연기획/마케팅,공연기획/마케팅,N/A,문화/공연,"작품 선정부터 제작, 홍보, 마케팅 전반까지! 공연기획 실무의 모든 것!"
공연기획/마케팅-N/A-문화/공연,기획,공연기획/마케팅,공연기획/마케팅,N/A,문화/공연,문화 공연 기획 이해하기 : 아티스트 선정부터 결과 보고서까지
공연기획/마케팅-N/A-문화/공연,기획,공연기획/마케팅,공연기획/마케팅,N/A,문화/공연,"국가지원사업 기획안 준비부터 PT까지, 공연기획자의 업무 체험하기"
공연기획/마케팅-N/A-영화/콘텐츠,기획,공연기획/마케팅,공연기획/마케팅,N/A,영화/콘텐츠,신규 공연IP 런칭 과제로 공연기획 실무의 A to Z 체험하기
공연기획/마케팅-콘서트기획-문화/공연,기획,공연기획/마케팅,공연기획/마케팅,콘서트기획,문화/공연,공연기획 실무로 직무 깊이 이해하기 : 제안서 작성부터 월드투어 기획까지
공연기획/마케팅-콘서트기획-문화/공연,기획,공연기획/마케팅,공연기획/마케팅,콘서트기획,문화/공연,"아이돌 콘서트 기획 실무(제작, 연출, 기획) 체험하기"
기획-N/A-산업무관,기획,기획,기획,N/A,산업무관,스타트업부터 대기업까지 신입 pm직무 체험하기 : sql첫걸음부터 기획서 완성까지
기획-N/A-식음료,기획,기획,기획,N/A,식음료,식음료 산업 기획 실무 체험으로 데이터 가공부터 KPI 설정까지!
기획-N/A-에너지/화학,기획,기획,기획,N/A,에너지/화학,대기업이 뛰어든다! 전기차 충전 신사업 기획 직무 체험
기획-N/A-전자/기계,기획,기획,기획,N/A,전자/기계,"상품기획, 사업기획 등 기획 직무의 A to Z를 경험하세요"
문화기획-N/A-정부/공공기관,기획,문화기획,문화기획,N/A,정부/공공기관,문화기획 담당자가 되어 나만의 문화예술 행사를 기획해보세요!
문화기획-N/A-정부/공공기관,기획,문화기획,문화기획,N/A,정부/공공기관,문화재단 실무 익히기: 문화예술 기획부터 홍보까지
문화기획-N/A-정부/공공기관,기획,문화기획,문화기획,N/A,정부/공공기관,공공기관 기획행정업무 체험과 독립기획의 꿈 키우기
문화기획-N/A-정부/공공기관,기획,문화기획,문화기획,N/A,정부/공공기관,문화예술 공공기관 직무 체험 : 예술기획 및 행정 프로세스 이해하기
문화기획-플랫폼기획-기획,기획,문화기획,문화기획,플랫폼기획,기획,컨벤션 기획자 멘토와 함께하는 유일무이한 행사기획자 기초 다지기
사업기획-N/A-교육/출판,기획,사업기획,사업기획,N/A,교육/출판,현직 사업개발자와 AI로 완성하는 B2B 시장 설계 및 사업개발 실무 체험
사업기획-N/A-방송/엔터,기획,사업기획,사업기획,N/A,방송/엔터,3대 연예기획사 현직자와 해외신규사업 기획하기
사업기획-N/A-식음료,기획,사업기획,사업기획,N/A,식음료,식품 제조업 글로벌 기업 현직자와 함께하는 사업기획의 모든 것!
사업기획-N/A-에너지/화학,기획,사업기획,사업기획,N/A,에너지/화학,대기업 현직자와 함께하는 사업관리 실무 경험하기 : 인턴/신입 체험
사업기획-N/A-커머스,기획,사업기획,사업기획,N/A,커머스,FAANG 현직자가 알려주는 글로벌 플랫폼 사업기획 이해하기!
서비스기획-N/A-IT,기획,서비스기획,서비스기획,N/A,IT,5주 동안 서비스 기획자로 살아보기 : 서비스 분석부터 기획안 작성까지
서비스기획-N/A-IT,기획,서비스기획,서비스기획,N/A,IT,IT플랫폼의 광고 서비스 기획 직무 맛보기 : 설득력 있는 기획안 작성
서비스기획-N/A-IT,기획,서비스기획,서비스기획,N/A,IT,서비스 기획 실무 5주 코스 – 데이터 활용하여 서비스 기획하기
서비스기획-N/A-IT,기획,서비스기획,서비스기획,N/A,IT,5주 인턴이 되어 빅데이터/AI 서비스 기획 실무 체험하기
서비스기획-N/A-IT,기획,서비스기획,서비스기획,N/A,IT,S통신사 현직자와 하는 데이터기반 모바일서비스 기획
서비스기획-N/A-IT,기획,서비스기획,서비스기획,N/A,IT,웹서비스기획자가 기획만 잘하면 될까요?
서비스기획-N/A-IT,기획,서비스기획,서비스기획,N/A,IT,IT 산업 서비스 기획 현직자와 함께하는 서비스 기획 실무 체험!
서비스기획-N/A-IT,기획,서비스기획,서비스기획,N/A,IT,글로벌 앱스토어 매출1위 서비스 매니저와 함께 하는 프로덕트 기획 실무
서비스기획-N/A-IT,기획,서비스기획,서비스기획,N/A,IT,IT대기업 현직자와 함께하는 서비스 기획 실무!
서비스기획-N/A-IT,기획,서비스기획,서비스기획,N/A,IT,문제발견부터 스토리보드 작성까지 IT대기업 현직자와 서비스 기획 실무하기
서비스기획-N/A-금융,기획,서비스기획,서비스기획,N/A,금융,"실무 경험과 포트폴리오를 한 번에, 핀테크 서비스 기획 A to Z"
서비스기획-N/A-산업무관,기획,서비스기획,서비스기획,N/A,산업무관,포털회사 현직자와 함께하는 서비스 기획 실무!
서비스기획-N/A-커머스,기획,서비스기획,서비스기획,N/A,커머스,이커머스 PM과 함께 데이터 기반 서비스 기획 실무 체험
서비스기획-N/A-커머스,기획,서비스기획,서비스기획,N/A,커머스,삭제된 캠프
서비스기획-N/A-커머스,기획,서비스기획,서비스기획,N/A,커머스,이커머스 산업 현직자와 함께하는 신규 앱 서비스 기획
신사업기획-N/A-IT,기획,신사업기획,신사업기획,N/A,IT,IT 해외사업팀의 사업 개발의 A to Z 경험하기
신사업기획-N/A-IT,기획,신사업기획,신사업기획,N/A,IT,IT회사 서비스 기획자를 위한 사업 기획 업무
신사업기획-N/A-IT,기획,신사업기획,신사업기획,N/A,IT,IT대기업 현직자와 함께하는 IT 신사업 기획 실무 A to Z
신사업기획-N/A-산업무관,기획,신사업기획,신사업기획,N/A,산업무관,컨설팅 회사 현직자에게 배우는 신기술을 활용한 신사업 기획
신사업기획-N/A-통신,기획,신사업기획,신사업기획,N/A,통신,"통신사, IT기업의 마케팅&신상품기획 실무 체험 AtoZ"
신제품 기획-N/A-반도체,기획,신제품 기획,신제품 기획,N/A,반도체,메모리반도체 신제품 기획 직무 제품기획부터 판매까지 체험하기
전략기획-N/A-금융,기획,전략기획,전략기획,N/A,금융,"신규 사업 전략, 직접 짜봐야 전략기획을 이해할 수 있어요!"
전략기획-N/A-영화/콘텐츠,기획,전략기획,전략기획,N/A,영화/콘텐츠,"영화, 콘텐츠로 보는 미디어 전략기획/경영기획 실무 체험"
UI-N/A-자동차,디자인,UI,UI,N/A,자동차,대기업 인하우스 UI 디자이너 1년 과정 체험하기
UI/UX-N/A-IT,디자인,UI/UX,UI/UX,N/A,IT,"UIUX_스타트업에서 대기업까지, 구축에서 운영까지 디자인 직무 체험"
UI/UX-N/A-IT,디자인,UI/UX,UI/UX,N/A,IT,UI 디자인 실무 과제로 알아보는 UI 디자이너가 하는 일!
UI/UX-N/A-IT,디자인,UI/UX,UI/UX,N/A,IT,사용자 중심의 UI/UX 디자인 직무 체험하기
UI/UX-N/A-IT,디자인,UI/UX,UI/UX,N/A,IT,IT 대기업 현직자가 알려주는  UX 디자인 실무
UI/UX-N/A-IT,디자인,UI/UX,UI/UX,N/A,IT,국내 대기업 E-commerce사 UI/UX 디자이너의 실무 체험하기
UI/UX-N/A-IT,디자인,UI/UX,UI/UX,N/A,IT,"국내 대기업 모바일, PC UI/UX 디자이너와 함께하는 직무 체험"
UI/UX-N/A-IT,디자인,UI/UX,UI/UX,N/A,IT,커머스 IT 디자인 실무로 UX/UI디자이너 경험해보기
UI/UX-N/A-IT,디자인,UI/UX,UI/UX,N/A,IT,빠르게 성장하는 대형 스타트업 프로덕트 디자이너 실무 체험하기
UI/UX-N/A-IT,디자인,UI/UX,UI/UX,N/A,IT,"스타트업에서 대기업까지, 현직자와 함께 실무 워크플로우 UXUI 프로젝트"
UI/UX-N/A-전자/기계,디자인,UI/UX,UI/UX,N/A,전자/기계,대기업 현직자에게 배우는 UI/UX 디자인 실무
UX-N/A-IT,디자인,UX,UX,N/A,IT,"인하우스, 에이전시 그리고 대기업까지 경험한 실무자와 함께하는 UX 실무"
UX-N/A-IT,디자인,UX,UX,N/A,IT,"최연소 팀장 출신, 현 유니콘 스타트업 현직자와 UX 실무 체험하기"
UX-N/A-IT,디자인,UX,UX,N/A,IT,국내 대기업 모바일 UX 경력 멘토와 함께하는 UX 실무 체험하기
UX-N/A-전자/기계,디자인,UX,UX,N/A,전자/기계,제조업과 IT를 모두 경험한 현직자와 UX 디자인 실무하기
UX-N/A-카드,디자인,UX,UX,N/A,카드,에이전시와 대기업을 모두 경험한 현직자가 알려주는  UI/UX  실무
공간/전시디자인-N/A-가구/인테리어,디자인,공간/전시디자인,공간/전시디자인,N/A,가구/인테리어,"가구 대기업 경력자와 함께 라이프스타일 쇼룸 직접 기획, 디자인하기"
공간/전시디자인-N/A-산업무관,디자인,공간/전시디자인,공간/전시디자인,N/A,산업무관,"공간디자인 트렌드 분석, Visual identity 개선점 제안 체험!"
그래픽 디자인-N/A-게임,디자인,그래픽 디자인,그래픽 디자인,N/A,게임,게임 캐릭터 디자인 실무 체험 : 프로세스 이해하기
그래픽 디자인-패키지디자인-뷰티/생활,디자인,그래픽 디자인,그래픽 디자인,패키지디자인,뷰티/생활,"120종 이상 출시 경력 디자이너와 함께하는 그래픽,패키지 디자인 실무"
디자인-N/A-IT,디자인,디자인,디자인,N/A,IT,단기간 3 in 1 디자인직무체험 : BX•프로모션•UIUX 실무 디자인
디자인-N/A-뷰티/생활,디자인,디자인,디자인,N/A,뷰티/생활,패키지 디자인 컨셉 도출부터 샘플 제작까지 가르쳐드립니다
디자인-N/A-산업무관,디자인,디자인,디자인,N/A,산업무관,현직 대기업 브랜드 경험 디자이너와 함께 '브랜드 디자인' 실무 경험하기
디자인-N/A-커머스,디자인,디자인,디자인,N/A,커머스,대기업 이커머스 마케팅/UI 디자인 실무 체험
디자인-제품디자인-유통/물류,디자인,디자인,디자인,제품디자인,유통/물류,3대 백화점 디자이너 현직자와 함께 하는 디자인 실무
디자인-캐릭터-IT,디자인,디자인,디자인,캐릭터,IT,IT회사 UX 디자이너의 캐릭터 개발 실무 프로세스 전반 체험하기
디자인-패션디자인-패션,디자인,디자인,디자인,패션디자인,패션,패션 소재 디자이너의 실제 업무 프로세스 체험하기
디자인-패키지디자인-뷰티/생활,디자인,디자인,디자인,패키지디자인,뷰티/생활,대기업 현직자와 막막한 포트폴리오 기획부터 디자인까지!
산업디자인-N/A-건설/중공업,디자인,산업디자인,산업디자인,N/A,건설/중공업,산업디자이너 현직자와 함께 디자인 실무 익히기
인테리어 디자인-N/A-건설/중공업,디자인,인테리어 디자인,인테리어 디자인,N/A,건설/중공업,인테리어 디자이너가 되어 현직자와 브랜드 및 공간 디자인 기획하기
인테리어 디자인-N/A-디자인,디자인,인테리어 디자인,인테리어 디자인,N/A,디자인,"CMF를 활용한 주거 인테리어 트렌드 제안 실무, 리서치부터 디자인까지"
인테리어 디자인-N/A-산업무관,디자인,인테리어 디자인,인테리어 디자인,N/A,산업무관,대기업 현직자와 함께 매장 공간 인테리어 직접 디자인 설계하기
제품디자인-N/A-가구/인테리어,디자인,제품디자인,제품디자인,N/A,가구/인테리어,해외 사무 가구회사 현직자가 알려주는 제품 디자인 실무
제품디자인-N/A-전자/기계,디자인,제품디자인,제품디자인,N/A,전자/기계,대기업 출신 제품 디자이너와 실무 디자인 전 과정 함께하기
제품디자인-N/A-전자/기계,디자인,제품디자인,제품디자인,N/A,전자/기계,제품 디자이너가 알려주는 진짜 회사에서 진행되는 디자인 실무
제품디자인-N/A-패션,디자인,제품디자인,제품디자인,N/A,패션,패션 디자이너의 실제 업무과정 체험을 통한 필요한 실무 역량 파악!
제품디자인-패키지디자인-뷰티/생활,디자인,제품디자인,제품디자인,패키지디자인,뷰티/생활,제품 컨셉을 충분히 보여주는 화장품 패키지 디자인 실무 체험
CRM마케팅-N/A-광고/마케팅,마케팅,CRM마케팅,CRM마케팅,N/A,광고/마케팅,취업 준비를 위한 CRM 마케팅 업무 체험하기
디지털마케팅-N/A-방송/엔터,마케팅,디지털마케팅,디지털마케팅,N/A,방송/엔터,방송사 현직자와 함께하는 디지털 마케팅(방송 마케팅)의 모든 것!
디지털마케팅-N/A-산업무관,마케팅,디지털마케팅,디지털마케팅,N/A,산업무관,"유튜브부터 tvc까지, 게임부터 유통까지 마케팅의 모든 것"
디지털마케팅-N/A-산업무관,마케팅,디지털마케팅,디지털마케팅,N/A,산업무관,디지털 마케팅 현직자와 함께 신입 업무부터 PM 업무까지 경험하세요!
디지털마케팅-N/A-산업무관,마케팅,디지털마케팅,디지털마케팅,N/A,산업무관,"디지털 마케터가 하는 일! 프로젝트 기획부터 실행, 데이터 분석까지!"
디지털마케팅-N/A-자동차,마케팅,디지털마케팅,디지털마케팅,N/A,자동차,자동차 업계 현직자와 글로벌 디지털마케팅 플랫폼 전략 수립
디지털마케팅-데이터-자동차,마케팅,디지털마케팅,디지털마케팅,데이터,자동차,자동차 대기업 현직자에게 배우는 디지털&데이터 마케팅 실무 A to Z
마케팅-B2B마케팅-IT,마케팅,마케팅,마케팅,B2B마케팅,IT,대기업 IT 마케터와 함께하는 신규 솔루션 출시 마케팅 프로세스 체험
마케팅-CRM-IT,마케팅,마케팅,마케팅,CRM,IT,데이터 기반의 고객 세분화 부터 캠페인 운영까지 CRM 마케팅 실무
마케팅-MCN-방송/엔터,마케팅,마케팅,마케팅,MCN,방송/엔터,MCN 회사 인플루언서 마케터와 함께하는  인플루언서 광고 상품 개발!
마케팅-N/A-게임,마케팅,마케팅,마케팅,N/A,게임,게임 마케팅 실무! 컨셉 설정부터 크리에이티브 기획까지 경험해보세요
마케팅-N/A-광고/마케팅,마케팅,마케팅,마케팅,N/A,광고/마케팅,"스포츠마케팅 실무 체험 :  기획안 작성부터 대회 운영, 스폰서십까지"
마케팅-N/A-반도체,마케팅,마케팅,마케팅,N/A,반도체,국내 대기업 반도체마케팅 현직자와 함께하는 B2B 마케팅 실무 체험!
마케팅-N/A-뷰티/생활,마케팅,마케팅,마케팅,N/A,뷰티/생활,화장품 마케팅 실무 경험! 제품 런칭부터 시장 내 이슈화과정 까지!
마케팅-N/A-산업무관,마케팅,마케팅,마케팅,N/A,산업무관,"대기업 마케팅, 실무와 이론의 차이를 알려 드리겠습니다"
마케팅-N/A-식음료,마케팅,마케팅,마케팅,N/A,식음료,식품대기업 현직자와 함께하는 신제품 마케팅 전략 세우기
마케팅-N/A-영화/콘텐츠,마케팅,마케팅,마케팅,N/A,영화/콘텐츠,칸 영화제 다녀온 현직자와 함께하는 영화마케팅 실무
마케팅-N/A-제약/바이오,마케팅,마케팅,마케팅,N/A,제약/바이오,헬스케어 산업 마케터와 함께하는 자료 분석 및 마케팅 전략 수립 실무체험
마케팅-N/A-철강,마케팅,마케팅,마케팅,N/A,철강,제조업 현직자와 경험하는 접하기 어려운 진짜 B2B마케팅 실무 AtoZ
마케팅-N/A-통신,마케팅,마케팅,마케팅,N/A,통신,우수표창만 5번 받은 현직자와 함께 하는 통신사 현장 마케팅 AtoZ!
마케팅-N/A-호텔/레저,마케팅,마케팅,마케팅,N/A,호텔/레저,고객 행동 기반으로 기획하는 여행 마케팅 / 마케팅 실무
마케팅-N/A-호텔/레저,마케팅,마케팅,마케팅,N/A,호텔/레저,호텔 기획안 작성과 매출 분석으로 배우는 호텔 마케팅 실무
마케팅-SNS-산업무관,마케팅,마케팅,마케팅,SNS,산업무관,신제품 마케팅 테마 선정부터 SNS마케팅까지 마케터 실무
마케팅-데이터-IT,마케팅,마케팅,마케팅,데이터,IT,마케팅 팀장님과 퍼널 별 데이터 분석을 통한 마케팅 실무체험 하기
마케팅-데이터-산업무관,마케팅,마케팅,마케팅,데이터,산업무관,"데이터 마케팅, 실무에서 데이터 분석 방법론만 중요할까요?"
마케팅-데이터-산업무관,마케팅,마케팅,마케팅,데이터,산업무관,OO전자 출신 현직자의 Fact와 Data기반 마케팅 실무
마케팅-데이터-산업무관,마케팅,마케팅,마케팅,데이터,산업무관,데이터에 가치를 더하는 Data Driven Marketing 실무
마케팅-데이터-산업무관,마케팅,마케팅,마케팅,데이터,산업무관,비전공자도 쉽게 알아가는 Test and Learn 데이터마케팅 실무!
마케팅-데이터-식음료,마케팅,마케팅,마케팅,데이터,식음료,"철저한 Data분석, 소통이 중요한 식품회사 마케팅 실무 체험하기"
마케팅전략-N/A-뷰티/생활,마케팅,마케팅전략,마케팅전략,N/A,뷰티/생활,뷰티 기업 마케팅 전략 : 실무 프로젝트 수행으로 AtoZ 체험하기
마케팅전략-N/A-뷰티/생활,마케팅,마케팅전략,마케팅전략,N/A,뷰티/생활,"소비재마케터(BM)가 되어, 현직자처럼 실제 마케팅 전략 세워보기!"
브랜드마케팅-N/A-미디어,마케팅,브랜드마케팅,브랜드마케팅,N/A,미디어,글로벌 미디어 마케터와 함께하는 브랜드 마케팅 실무
브랜드마케팅-N/A-뷰티/생활,마케팅,브랜드마케팅,브랜드마케팅,N/A,뷰티/생활,뷰티 업계 현직자 마케터와 실제 제품의 브랜드 전략 수립하기
브랜드마케팅-N/A-뷰티/생활,마케팅,브랜드마케팅,브랜드마케팅,N/A,뷰티/생활,"소비재 브랜드 마케터가 되어 마케팅, 광고, 고객관리 전략 세우기"
브랜드마케팅-N/A-뷰티/생활,마케팅,브랜드마케팅,브랜드마케팅,N/A,뷰티/생활,화장품 마케팅 컨셉 도출부터 브랜드 런칭까지 실무를 배워보세요
브랜드마케팅-N/A-산업무관,마케팅,브랜드마케팅,브랜드마케팅,N/A,산업무관,IT 스타트업과 외국계를 경험한 멘토와 브랜드마케팅 실무 경험하기
브랜드마케팅-N/A-식음료,마케팅,브랜드마케팅,브랜드마케팅,N/A,식음료,국내 top급 외식 업계 브랜드 마케터와 함께하는 브랜드 마케팅 실무
브랜드마케팅-N/A-식음료,마케팅,브랜드마케팅,브랜드마케팅,N/A,식음료,국내 1등 기업 BM이 알려주는 브랜드 마케팅 기초 실무 체험 과정
브랜드마케팅-N/A-카드,마케팅,브랜드마케팅,브랜드마케팅,N/A,카드,금융사 재직자와 함께하는 SNS 채널 브랜드 마케팅 실무
브랜드마케팅-N/A-통신,마케팅,브랜드마케팅,브랜드마케팅,N/A,통신,국내 대형 통신사 브랜드 마케팅 현직자와 함께 체험하는 브랜드 런칭 실무
브랜드마케팅-N/A-패션,마케팅,브랜드마케팅,브랜드마케팅,N/A,패션,패션 브랜드 마케팅 담당자의 마케팅 실무 프로세스 체험!
브랜드마케팅-글로벌-뷰티/생활,마케팅,브랜드마케팅,브랜드마케팅,글로벌,뷰티/생활,국내 뷰티 대기업 현직자와 글로벌 브랜드마케팅 실무 AtoZ 경험하기
브랜드마케팅-백화점-유통/물류,마케팅,브랜드마케팅,브랜드마케팅,백화점,유통/물류,밀레니얼 세대에 맞는 백화점 브랜드 마케팅 전략 수립하기
영업마케팅-N/A-카드,마케팅,영업마케팅,영업마케팅,N/A,카드,"현직자 선배에게 배우는 카드사 영업, 마케팅의 진짜 모습"
이커머스마케팅-N/A-산업무관,마케팅,이커머스마케팅,이커머스마케팅,N/A,산업무관,글로벌 소비재 대기업 이커머스 마케팅 실무 체험하기
이커머스마케팅-N/A-산업무관,마케팅,이커머스마케팅,이커머스마케팅,N/A,산업무관,국내 식품 대기업의 이커머스 마케터와 함께 진짜 이커머스 실무 체험하기
이커머스마케팅-N/A-산업무관,마케팅,이커머스마케팅,이커머스마케팅,N/A,산업무관,글로벌 대기업 현직자와 함께 이커머스 마케팅의 매력에 빠져보세요!
이커머스마케팅-N/A-커머스,마케팅,이커머스마케팅,이커머스마케팅,N/A,커머스,"글로벌 대기업 이커머스 마케팅 실무 : 플랫폼 분석, 캠페인 기획 등"
콘텐츠마케팅-N/A-IT,마케팅,콘텐츠마케팅,콘텐츠마케팅,N/A,IT,이것이 찐현실 콘텐츠 마케팅 실무! 5주 완성 병아리 콘텐츠 마케터 캠프
콘텐츠마케팅-N/A-IT,마케팅,콘텐츠마케팅,콘텐츠마케팅,N/A,IT,"현직 마케팅 팀장과 콘텐츠 제작, 퍼포먼스 마케팅, AI 자동화까지 실습하기"
콘텐츠마케팅-N/A-IT,마케팅,콘텐츠마케팅,콘텐츠마케팅,N/A,IT,"콘텐츠 마케팅의 기초와 핵심, 콘텐츠 마케팅 전략 기획 실무"
콘텐츠마케팅-N/A-IT,마케팅,콘텐츠마케팅,콘텐츠마케팅,N/A,IT,마케팅 10년차 팀장님과 함께하는 콘텐츠 마케팅 기획 및 분석 실무 체험
콘텐츠마케팅-N/A-IT,마케팅,콘텐츠마케팅,콘텐츠마케팅,N/A,IT,스타트업 마케팅 팀장에게 배우는 서류 합격률 높여주는 포트폴리오 만들기
콘텐츠마케팅-N/A-IT,마케팅,콘텐츠마케팅,콘텐츠마케팅,N/A,IT,"콘텐츠 마케팅 실무 : 페르소나 설정, 구매여정 분석, 키메세지 작성"
콘텐츠마케팅-N/A-식음료,마케팅,콘텐츠마케팅,콘텐츠마케팅,N/A,식음료,데이터 분석을 통한 콘텐츠 마케팅 실무
콘텐츠마케팅-N/A-영화/콘텐츠,마케팅,콘텐츠마케팅,콘텐츠마케팅,N/A,영화/콘텐츠,영화 드라마 작품 분석부터 SNS 아이템 기획까지! 콘텐츠 마케팅 실무
콘텐츠마케팅-카피라이팅-IT,마케팅,콘텐츠마케팅,콘텐츠마케팅,카피라이팅,IT,콘텐츠 마케팅 직무 실무 체험을 통한 카피라이터 되어보기!
퍼포먼스마케팅-N/A-IT,마케팅,퍼포먼스마케팅,퍼포먼스마케팅,N/A,IT,직접 광고 집행해보며 퍼포먼스 마케팅 현직자 실무 체험하기
퍼포먼스마케팅-N/A-IT,마케팅,퍼포먼스마케팅,퍼포먼스마케팅,N/A,IT,퍼포먼스 마케팅 직무 체험하기 : 데이터 분석부터 광고 기획 및 집행까지
퍼포먼스마케팅-N/A-광고/마케팅,마케팅,퍼포먼스마케팅,퍼포먼스마케팅,N/A,광고/마케팅,경력직 같은 신입이 되어보자 : 퍼포먼스 마케팅 실무 체험 코스!
퍼포먼스마케팅-N/A-광고/마케팅,마케팅,퍼포먼스마케팅,퍼포먼스마케팅,N/A,광고/마케팅,외국계 광고 기업 현직자에게 배우는 퍼포먼스 마케팅 기획 및 데이터 분석
퍼포먼스마케팅-N/A-광고/마케팅,마케팅,퍼포먼스마케팅,퍼포먼스마케팅,N/A,광고/마케팅,마케팅 예산을 '알차게' 쓰는 퍼포먼스 마케팅 실무 체험하기
퍼포먼스마케팅-N/A-광고/마케팅,마케팅,퍼포먼스마케팅,퍼포먼스마케팅,N/A,광고/마케팅,200억 이상의 예산을 운용한 멘토님과 함께 구글 애즈 GDN 시작하기
퍼포먼스마케팅-N/A-광고/마케팅,마케팅,퍼포먼스마케팅,퍼포먼스마케팅,N/A,광고/마케팅,퍼포먼스마케터와 매체별 캠페인 기획 및 페이스북 광고 세팅 실무 체험하기
퍼포먼스마케팅-N/A-산업무관,마케팅,퍼포먼스마케팅,퍼포먼스마케팅,N/A,산업무관,현직 퍼포먼스/그로스 마케터 멘토와 함께하는 스타트업 데이터 마케팅 실무
퍼포먼스마케팅-N/A-산업무관,마케팅,퍼포먼스마케팅,퍼포먼스마케팅,N/A,산업무관,스타트업부터 대기업까지 경험한 실무자와 함께하는 IT기업 퍼포먼스 마케팅 실무
퍼포먼스마케팅-N/A-산업무관,마케팅,퍼포먼스마케팅,퍼포먼스마케팅,N/A,산업무관,전 글로벌 빅테크 A사 멘토와 함께하는 퍼포먼스 마케팅 실무
퍼포먼스마케팅-N/A-패션,마케팅,퍼포먼스마케팅,퍼포먼스마케팅,N/A,패션,영국 패션회사 현직자와 함께하는 퍼포먼스 마케팅 신입 실무 체험
A&R-N/A-방송/엔터,미디어,A&R,A&R,N/A,방송/엔터,"아티스트 앨범 제작하는 A&R 직무 : 앨범 컨셉 선정, 제작 일정 등"
A&R-N/A-방송/엔터,미디어,A&R,A&R,N/A,방송/엔터,"아티스트의 곡을 세상 밖으로 내는 A&R 직무 (앨범 기획, 제작 등)"
A&R-N/A-방송/엔터,미디어,A&R,A&R,N/A,방송/엔터,현업에서 사용되는 A&R 실무 배워보기
PD-N/A-방송/엔터,미디어,PD,PD,N/A,방송/엔터,"홈쇼핑 PD가 되어 현직자와 방송 준비,제작실무 체험하기"
PD-N/A-방송/엔터,미디어,PD,PD,N/A,방송/엔터,10년차 현직 PD와 함께 방송 영상 콘텐츠 기획/제작/연출 이해하기
PD-N/A-영화/콘텐츠,미디어,PD,PD,N/A,영화/콘텐츠,"영화 드라마 기획, 제작 PD 실무"
PD-유튜브-방송/엔터,미디어,PD,PD,유튜브,방송/엔터,"A~Z까지, 유튜브  방송프로그램 기획하며 콘텐츠PD 업무 경험해보기"
기자-N/A-영화/콘텐츠,미디어,기자,기자,N/A,영화/콘텐츠,"기자, IT업계 콘텐츠 기획자 출신 멘토와 함께하는 콘텐츠 기획 실무"
서비스 운영-N/A-미디어,미디어,서비스 운영,서비스 운영,N/A,미디어,OTT 서비스 운영에서 실제로 하는 일 체험하기
아나운서-N/A-미디어,미디어,아나운서,아나운서,N/A,미디어,"아나운서 본격 준비 전 알아두면 좋을 실무경험 : 뉴스리딩, 어미처리 등"
영화투자/제작기획-N/A-금융/은행/보험,미디어,영화투자/제작기획,영화투자/제작기획,N/A,금융/은행/보험,영화 투자 과정 마스터하기 : 시나리오 분석부터 투자 손익 추정까지
영화투자/제작기획-N/A-영화/콘텐츠,미디어,영화투자/제작기획,영화투자/제작기획,N/A,영화/콘텐츠,영화투자배급사 현직자와 함께하는 영화투자/기획제작 실무
"인쇄, 출판, 편집-N/A-교육/출판",미디어,"인쇄, 출판, 편집","인쇄, 출판, 편집",N/A,교육/출판,"교육출판업 편집자 직무 : 교재 편집 기획, 체제 구성, 교정, 교열 등"
"인쇄, 출판, 편집-N/A-교육/출판",미디어,"인쇄, 출판, 편집","인쇄, 출판, 편집",N/A,교육/출판,"책 기획부터 출간까지, 편집자 실무체험 : 기획안, 카피, 보도자료 작성"
콘텐츠 배급-N/A-영화/콘텐츠,미디어,콘텐츠 배급,콘텐츠 배급,N/A,영화/콘텐츠,OTT 컨텐츠 배급 A to Z
CS 엔지니어-CS엔지니어-반도체,생산/제조,CS 엔지니어,CS 엔지니어,CS엔지니어,반도체,반도체 장비 Field Engineer의 실제 업무 체험하기
CS 엔지니어-N/A-반도체,생산/제조,CS 엔지니어,CS 엔지니어,N/A,반도체,외국계 반도체 장비회사 CS엔지니어가 하는 일 직접 체험하기
CS 엔지니어-N/A-반도체,생산/제조,CS 엔지니어,CS 엔지니어,N/A,반도체,대기업 장비사 출신 엔지니어와 함께하는 반도체 CS 엔지니어 실무 A TO Z
CS 엔지니어-etch공정-반도체,생산/제조,CS 엔지니어,CS 엔지니어,etch공정,반도체,반도체 CS엔지니어 8대 공정의 ETCH 실무 경험하기
CS 엔지니어-photo공정-반도체,생산/제조,CS 엔지니어,CS 엔지니어,photo공정,반도체,외국계 반도체 대기업 CS엔지니어 현직자와 함께  Photo공정 실무 경험하기
CS 엔지니어-photo공정-반도체,생산/제조,CS 엔지니어,CS 엔지니어,photo공정,반도체,외국계 CS Engineer 현직자와 Photo 공정 on-site 현장 업무 느껴보기
CS 엔지니어-증착공정-반도체,생산/제조,CS 엔지니어,CS 엔지니어,증착공정,반도체,현직 외국계 반도체 CS엔지니어와 Trouble Shooting  진짜 실무 경험하기
공정-N/A-에너지/화학,생산/제조,공정,공정,N/A,에너지/화학,"정유회사의 기계직군 업무, 현직자가 직접 알려줄게요!"
공정관리-N/A-반도체,생산/제조,공정관리,공정관리,N/A,반도체,반도체 공정 엔지니어의 공정관리 직무 경험하기
공정관리-N/A-에너지/화학,생산/제조,공정관리,공정관리,N/A,에너지/화학,화학공장 공정관리 엔지니어의 역할 그리고 Trouble shooting
공정관리-N/A-에너지/화학,생산/제조,공정관리,공정관리,N/A,에너지/화학,"화학공장 생산 직무(공정 최적화, 원가절감, 공정 개선 등) 체험!"
공정관리-패키징-반도체,생산/제조,공정관리,공정관리,패키징,반도체,국내 반도체 대기업 출신 엔지니어와 패키징 공정 실무 체험하기
공정기술-2차전지-에너지/화학,생산/제조,공정기술,공정기술,2차전지,에너지/화학,2차전지 공정기술 현직자가 공정별 양산 검증 시 하는 실무 체험하기
공정기술-2차전지-에너지/화학,생산/제조,공정기술,공정기술,2차전지,에너지/화학,10년차 이상 현직자와 2차전지 공정기술 엔지니어 되어보기
공정기술-2차전지-에너지/화학,생산/제조,공정기술,공정기술,2차전지,에너지/화학,신규 설비 적용 검토 사례로 체험하는 2차전지 공정기술 직무 A to Z
공정기술-2차전지-에너지/화학,생산/제조,공정기술,공정기술,2차전지,에너지/화학,2차전지 배터리 공정기술의 첫걸음: 신입 엔지니어를 위한 필수 가이드
공정기술-2차전지-에너지/화학,생산/제조,공정기술,공정기술,2차전지,에너지/화학,2차 전지 공정기술 현직자와 공정이슈 해결 A to Z 체험하기
공정기술-CMP-반도체,생산/제조,공정기술,공정기술,CMP,반도체,S사 현직 멘토와 반도체 제조기술 업무 체험하기
공정기술-Clean공정-반도체 장비,생산/제조,공정기술,공정기술,Clean공정,반도체 장비,반도체 장비 CS 엔지니어 직무체험 : 설비 전반 업무와 클린 공정 이해
공정기술-N/A-반도체,생산/제조,공정기술,공정기술,N/A,반도체,반도체 회사 현직자와 함께 양산기술 & 공정기술 실무 이해하기
공정기술-N/A-반도체,생산/제조,공정기술,공정기술,N/A,반도체,대기업 반도체사 출신과 함께하는 공정기술 실무 체험
공정기술-N/A-반도체,생산/제조,공정기술,공정기술,N/A,반도체,반도체 공정 엔지니어가 되어보자 : 설비 불량부터 저수율 문제 해결까지
공정기술-N/A-반도체,생산/제조,공정기술,공정기술,N/A,반도체,대기업 반도체 공정기술 Photo Lithography 이해하기
공정기술-N/A-반도체,생산/제조,공정기술,공정기술,N/A,반도체,현직 반도체 대기업 공정기술 엔지니어와 전공정 마스터하고 공정이슈 해결하기
공정기술-N/A-반도체,생산/제조,공정기술,공정기술,N/A,반도체,반도체 포토 공정기술 현직자와 함께하는 공정기술 실무 체험하기
공정기술-N/A-반도체,생산/제조,공정기술,공정기술,N/A,반도체,반도체 제조 양산 공정기술 엔지니어와 함께 실제 실무 A to Z 체험하기
공정기술-N/A-반도체,생산/제조,공정기술,공정기술,N/A,반도체,반도체 Photo 공정기술 엔지니어와 함께하는 진짜 현업 엔지니어 실무
공정기술-etch공정-반도체,생산/제조,공정기술,공정기술,etch공정,반도체,반도체 ETCH 공정기술 엔지니어가 들려주는 생생한 ETCH 현업이야기
공정기술-etch공정-반도체,생산/제조,공정기술,공정기술,etch공정,반도체,반도체 공정 issue 경험을 통한 반도체 etch 공정 엔지니어 체험
공정기술-etch공정-반도체,생산/제조,공정기술,공정기술,etch공정,반도체,현직자와 함께 반도체 ETCH 공정기술/개발 직무 체험하기
공정기술-photo공정-반도체,생산/제조,공정기술,공정기술,photo공정,반도체,"노광기, 공정 불량 분석 등을 통해 Photo 공정기술 실무체험하기"
공정기술-photo공정-반도체,생산/제조,공정기술,공정기술,photo공정,반도체,반도체 Photo공정기술 Engineer의 필수 지식 및 업무 체험해보기
공정기술-photo공정-반도체,생산/제조,공정기술,공정기술,photo공정,반도체,대기업 반도체 공정기술 Photo Lithography 이해하기
공정기술-photo공정-반도체,생산/제조,공정기술,공정기술,photo공정,반도체,반도체 공정기술 엔지니어의 포토 공정 실제 업무 체험하기
공정기술-스마트팩토리-산업무관,생산/제조,공정기술,공정기술,스마트팩토리,산업무관,14년차 현직자와 함께하는 제조업 스마트팩토리 실무 체험
공정기술-신제품개발-반도체,생산/제조,공정기술,공정기술,신제품개발,반도체,반도체 대기업 현직자와 함께 제조기술/생산 직무 이해하기
공정기술-증착공정-반도체,생산/제조,공정기술,공정기술,증착공정,반도체,반도체 PECVD 공정개발 실무를 통해 증착 공정 엔지니어가 되어보자
공정기술-증착공정-반도체,생산/제조,공정기술,공정기술,증착공정,반도체,현업 툴 실습! 석사 출신 반도체 증착 공정 엔지니어와 실무 수행하기
공정기술-증착공정-반도체,생산/제조,공정기술,공정기술,증착공정,반도체,5주 동안 CVD 공정 기술 엔지니어와 함께 현장 실무 경험하기
공정기술-증착공정-반도체,생산/제조,공정기술,공정기술,증착공정,반도체,반도체 공정개발 엔지니어가 되어보자 : 공정 issue별 분석/보고 체험
공정기술-증착공정-반도체,생산/제조,공정기술,공정기술,증착공정,반도체,5주간 대기업 CVD 공정기술 엔지니어가 되어 현업 과제 해결하기
공정기술-패키징-반도체,생산/제조,공정기술,공정기술,패키징,반도체,반도체 후 공정 기술 엔지니어와 함께 공정기술 핵심 실무 경험하기
공정설계-N/A-건설/중공업,생산/제조,공정설계,공정설계,N/A,건설/중공업,Global EPC사 현직자와 함께 하는 공정설계 실무
공정설계-N/A-건설/중공업,생산/제조,공정설계,공정설계,N/A,건설/중공업,대기업 조선해양사 현직자와 함께하는 기본설계 프로세스 실무 체험
공정설계-N/A-반도체,생산/제조,공정설계,공정설계,N/A,반도체,반도체 공정설계 직무 제품별 Process Integration
공정설계-N/A-반도체,생산/제조,공정설계,공정설계,N/A,반도체,실무로 배우는 반도체 공정설계 Process Integration
공정설계-N/A-반도체,생산/제조,공정설계,공정설계,N/A,반도체,"""제품의 주인"" 공정설계 Process Integration 직무 체험"
공정설계-N/A-반도체,생산/제조,공정설계,공정설계,N/A,반도체,반도체 공정 설계 : 개발 프로세스 체험 및 데이터 분석 역량 기르기
공정설계-N/A-반도체,생산/제조,공정설계,공정설계,N/A,반도체,비전공자도 할 수 있는 반도체 공정설계 직무 체험
공정설계-N/A-반도체,생산/제조,공정설계,공정설계,N/A,반도체,대기업 반도체 공정설계 엔지니어 직무이해 및 실무 경험하기
공정설계-N/A-반도체,생산/제조,공정설계,공정설계,N/A,반도체,전반적 FINFET 공정 설계 업무 프로세스 이해 및 핵심 업무 체험하기
공정설계-설계/소자-반도체,생산/제조,공정설계,공정설계,설계/소자,반도체,대기업 반도체 공정설계/소자 엔지니어와 함께하는 직무 체험
공정설계-설계/소자-반도체,생산/제조,공정설계,공정설계,설계/소자,반도체,대기업 반도체사 Etch 공정 엔지니어와 함께하는 소자 패터닝 실무체험
공정제조기술-N/A-반도체,생산/제조,공정제조기술,공정제조기술,N/A,반도체,국내 일류 두 반도체 회사 출신 멘토와의 양산기술&설비엔지니어 직무체험
생산관리-N/A-반도체,생산/제조,생산관리,생산관리,N/A,반도체,반도체 화학소재 공정/생산관리 실무 체험 : 원/부자재 관리부터 공정개선까지
생산관리-N/A-뷰티/생활,생산/제조,생산관리,생산관리,N/A,뷰티/생활,현직자가 직접 알려주는 생산관리의 A to Z
생산관리-N/A-에너지/화학,생산/제조,생산관리,생산관리,N/A,에너지/화학,정유/석유화학/소재 생산관리 현직자와 함께 하는 공정 분석/개선
생산관리-N/A-에너지/화학,생산/제조,생산관리,생산관리,N/A,에너지/화학,반도체케미칼/정유/가스/석유화학 생산관리 주요 실무 체험
생산관리-N/A-에너지/화학,생산/제조,생산관리,생산관리,N/A,에너지/화학,정유 생산관리/기술 모두 경험한 현직자와 생산관리 실무하기
생산관리-N/A-자동차,생산/제조,생산관리,생산관리,N/A,자동차,자동차 생산관리 전문가가 만든 인턴 과정 - 생산관리 기초부터 심화까지
생산관리-N/A-자동차,생산/제조,생산관리,생산관리,N/A,자동차,자동차 생산관리 직무 체험 : 고객 계약부터 차량 인도까지 실무 경험
생산관리-N/A-자동차,생산/제조,생산관리,생산관리,N/A,자동차,자동차 대기업 현직자에게 직접 배우는 생산 관리 실무
생산관리-N/A-제약/바이오,생산/제조,생산관리,생산관리,N/A,제약/바이오,제약업계 현직 팀장과 함께 운영효율화 전략 수립
생산관리-N/A-제약/바이오,생산/제조,생산관리,생산관리,N/A,제약/바이오,제약업계 생산관리 현직자와 함께하는 생산기획/공정관리 실무 AtoZ
생산기술-N/A-방산,생산/제조,생산기술,생산기술,N/A,방산,방산 대기업 현직자와 함께하는 무기체계 생산기술 직무 체험
생산기술-N/A-산업무관,생산/제조,생산기술,생산기술,N/A,산업무관,"해외 주재원, 승진, 연봉인상 기회가 많은 생산기술 직무 이해하기"
생산기술-N/A-에너지/화학,생산/제조,생산기술,생산기술,N/A,에너지/화학,화학공장 엔지니어와 함께하는 생산기술 실무 체험
생산기술-N/A-에너지/화학,생산/제조,생산기술,생산기술,N/A,에너지/화학,현직자에게 배우는 배터리 생산공정의 이해와 실무
생산기술-N/A-자동차,생산/제조,생산기술,생산기술,N/A,자동차,대기업 생산기술 공정설계 실습 및 신차 개발 프로세스 이해하기-인턴체험
생산기술-N/A-자동차,생산/제조,생산기술,생산기술,N/A,자동차,대기업 자동차 생산관리/기술 핵심업무 경험하기
생산기술-N/A-자동차,생산/제조,생산기술,생산기술,N/A,자동차,완성차 생산기술 현직자와 함께하는 생산기술 직무 뽀개기
생산기술-N/A-자동차,생산/제조,생산기술,생산기술,N/A,자동차,생산기술 현직자와 함께 공정  효율화를 위한 개선방안 수립하기
생산기술-N/A-자동차,생산/제조,생산기술,생산기술,N/A,자동차,대학에서 알려주지 않는 자동차 엔지니어의 생산기술 직무에 대해 알려드립니다
생산기술-N/A-제조업,생산/제조,생산기술,생산기술,N/A,제조업,철강제철 P사 생산기술직 현직자와 함께 하는 실무 체험
생산기술-N/A-제조업,생산/제조,생산기술,생산기술,N/A,제조업,스마트팩토리 엔지니어 직무체험: 공정 분석부터 MES 설계까지
생산기술-생산관리-제조업,생산/제조,생산기술,생산기술,생산관리,제조업,대기업 현직자와 알기 쉽게 이해하는 생산기술 생산관리의 핵심
설비-N/A-반도체,생산/제조,설비,설비,N/A,반도체,반도체 ETCH/이온주입 설비 엔지니어와 실무 경험 쌓기
설비-N/A-뷰티/생활,생산/제조,설비,설비,N/A,뷰티/생활,"설비 담당자와 함께 실제 설비보전, 개선업무 프로세스 경험하기!"
설비-N/A-에너지/화학,생산/제조,설비,설비,N/A,에너지/화학,배터리(2차전지) 설비기술 현직자와 조립공정 업무 실무 체험하기
설비-N/A-자동차,생산/제조,설비,설비,N/A,자동차,"대기업 현직자와 제조업 설비보전, 설비기술 업무 경험하기"
설비관리-N/A-건자재,생산/제조,설비관리,설비관리,N/A,건자재,매출 10조 이상 글로벌 기업 정비엔지니어가 전하는 설비보전 업무
설비기술-N/A-반도체,생산/제조,설비기술,설비기술,N/A,반도체,반도체 장비 엔지니어 A to Z: 대기업/외국계 현직자와 실무 경험
설비기술-N/A-반도체,생산/제조,설비기술,설비기술,N/A,반도체,반도체 설비기술 엔지니어 업무 프로세스/과제
설비기술-N/A-반도체,생산/제조,설비기술,설비기술,N/A,반도체,반도체 ETCH장비 설비기술 엔지니어와 현업 실무 체험하기
설비기술-공정/설비-반도체,생산/제조,설비기술,설비기술,공정/설비,반도체,반도체 대기업 출신 멘토와 함께하는 설비엔지니어 직무 현장체험
설비기술-설비기술-반도체,생산/제조,설비기술,설비기술,설비기술,반도체,최연소 파트장 멘토와 함께하는 반도체 장비&8대 공정 Thin Film
HW개발-N/A-전자/기계,연구개발,HW개발,HW개발,N/A,전자/기계,국내 대기업 현직 HW 연구개발자와 함께하는 신제품 개발 과정
HW개발-N/A-전자/기계,연구개발,HW개발,HW개발,N/A,전자/기계,"HW설계 연구원 기획부터 양산까지 사이클 체험 : 기획, 양산, 설계변경"
HW개발-회로설계-자동차,연구개발,HW개발,HW개발,회로설계,자동차,대기업 HW 연구개발자와 함께하는 설계 캠프
HW개발-회로설계-자동차,연구개발,HW개발,HW개발,회로설계,자동차,자동차 회사 현직 연구원과 함께 하는 회로 설계 실무로 직무 역량 파악하기
HW개발-회로설계-자동차,연구개발,HW개발,HW개발,회로설계,자동차,대기업 현직자와 함께하는 아날로그 회로 설계 캠프
HW개발-회로설계-제조업,연구개발,HW개발,HW개발,회로설계,제조업,HW개발 엔지니어가 알려주는 회로 개발 직무의 커리어
기구설계-N/A-제조업,연구개발,기구설계,기구설계,N/A,제조업,"제품 기구설계 연구원 사이클 체험 : 개발계획, 양산, 설계 변경 등"
불량분석-N/A-반도체,연구개발,불량분석,불량분석,N/A,반도체,반도체 저수율 개선 업무에 대한 직무 경험하기
불량분석-N/A-반도체,연구개발,불량분석,불량분석,N/A,반도체,반도체 불량 분석 엔지니어 직무 체험 : 불량 분석 프로세스의 A to Z
불량분석-N/A-반도체,연구개발,불량분석,불량분석,N/A,반도체,대기업 반도체 현직자와 함께하는 반도체 불량분석 직무 친해지기
불량분석-N/A-반도체,연구개발,불량분석,불량분석,N/A,반도체,Python 데이터 분석을 통한 반도체 불량 Loss 개선 실무
불량분석-N/A-반도체,연구개발,불량분석,불량분석,N/A,반도체,석사 출신 반도체 측정분석 엔지니어와 현업 데이터로 실무 수행하기
설계-N/A-자동차,연구개발,설계,설계,N/A,자동차,"제품 설계부터 설계 검토, 양산 검토까지 설계 엔지니어 실무"
설계-N/A-자동차,연구개발,설계,설계,N/A,자동차,자동차 설계 직무 경험 : 신제품 선정부터 설계 사양 확정까지
설계-N/A-전자/기계,연구개발,설계,설계,N/A,전자/기계,Pixel 설계 및 검토로 Panel 설계 직무 체험해보기
설계-모터설계-전자/기계,연구개발,설계,설계,모터설계,전자/기계,설계 엔지니어 실무 체험 : 모터 전자계 설계 기초부터 개발 계획서 작성까지
설계-배터리 팩-에너지/화학,연구개발,설계,설계,배터리 팩,에너지/화학,전기차 배터리 팩 설계 엔지니어 실무 개발 AtoZ
설계-소자-반도체,연구개발,설계,설계,소자,반도체,누구도 알려주지 않는 반도체소자 설계 (PI/PA/TD) 실무 체험
설계-팹리스-반도체,연구개발,설계,설계,팹리스,반도체,팹리스 엔지니어와 함께하는 반도체 설계(디자인하우스) 업무 이해하기
설계-회로설계-반도체,연구개발,설계,설계,회로설계,반도체,RTL Logic 설계를 통해 전문 반도체 디지털 회로설계 직무 이해 높이기
설계-회로설계-반도체,연구개발,설계,설계,회로설계,반도체,시스템반도체 회로 설계 현직자와 함께 직무 이해 높이기
설계-회로설계-반도체,연구개발,설계,설계,회로설계,반도체,CHIP설계의 모든 것! 아날로그/디지털/레이아웃 회로설계 직무 이해하기
설계-회로설계-반도체,연구개발,설계,설계,회로설계,반도체,반도체 회로설계 현직자와 실무체험을 통해 직무이해 높이기
설계-회로설계-반도체,연구개발,설계,설계,회로설계,반도체,블럭 설계를 통한 아날로그 회로설계 직무 이해하기
시험평가-N/A-전자/기계,연구개발,시험평가,시험평가,N/A,전자/기계,배터리 시스템의 품질을 책임지는 시험평가 실무 AtoZ 이해하기
연구개발-2차전지-제조업,연구개발,연구개발,연구개발,2차전지,제조업,대기업과 스타트업 모두 경험한 셀개발자와 2차전지 개발 & PM 실무 경험하기
연구개발-CRA연구개발-제약/바이오,연구개발,연구개발,연구개발,CRA연구개발,제약/바이오,글로벌 제약회사 CRA 직무 현직자와 함께하는 실무 체험
연구개발-N/A-반도체,연구개발,연구개발,연구개발,N/A,반도체,반도체 공정 R&D와 양산기술 실무 : DATA 분석과 공정 이력조사
연구개발-N/A-반도체,연구개발,연구개발,연구개발,N/A,반도체,반도체 공정 엔지니어링 이해하고 공정 개발 / 공정 기술 핵심업무 경험하기
연구개발-N/A-뷰티/생활,연구개발,연구개발,연구개발,N/A,뷰티/생활,화장품 연구원의 실무는 무엇일까요? 제품 전성분 작성부터 신제형 제안까지
연구개발-N/A-뷰티/생활,연구개발,연구개발,연구개발,N/A,뷰티/생활,연구원 경력자와 함께 하는 소비재 제품연구개발 실무
연구개발-N/A-식음료,연구개발,연구개발,연구개발,N/A,식음료,식품 연구개발 직무의 이해 : 신제품 컨셉 기획부터 사후 관리까지
연구개발-N/A-식음료,연구개발,연구개발,연구개발,N/A,식음료,식품대기업 R&D연구원과 식품유형별 기획부터 출시까지 실무체험
연구개발-N/A-식음료,연구개발,연구개발,연구개발,N/A,식음료,"식품 연구개발 실무 체험 : 제품 기획, 레시피 개발, 관리규격 설정 등"
연구개발-N/A-식음료,연구개발,연구개발,연구개발,N/A,식음료,식품 연구개발 직무 : 라면 스프 개발 프로세스의 이해 및 실무
연구개발-N/A-식음료,연구개발,연구개발,연구개발,N/A,식음료,편의점용 베이커리 연구 개발 직무의 A to Z 체험하기
연구개발-N/A-에너지/화학,연구개발,연구개발,연구개발,N/A,에너지/화학,배터리(2차 전지) 연구개발 실무 과제를 통한 이론적/현장적 기본 지식 함양하기
연구개발-N/A-에너지/화학,연구개발,연구개발,연구개발,N/A,에너지/화학,"연료전지, 수소제조용 촉매 과제를 통해 연구개발 직무 이해하기"
연구개발-N/A-에너지/화학,연구개발,연구개발,연구개발,N/A,에너지/화학,배터리(2차 전지) 개발 과제를 통해 연구개발 직무 이해하기
연구개발-N/A-자동차,연구개발,연구개발,연구개발,N/A,자동차,자동차 전장 개발 현직자와 함께 하는 연구개발 실무
연구개발-N/A-자동차,연구개발,연구개발,연구개발,N/A,자동차,엔지니어적 판단이 매우 중요한  원가관리 직무 이해하기
연구개발-N/A-자동차,연구개발,연구개발,연구개발,N/A,자동차,"연구개발 직무, 제대로 알기 어려웠죠? 현직자가 도와줄게요."
연구개발-N/A-자동차,연구개발,연구개발,연구개발,N/A,자동차,자동차 신소재 연구팀에서 실제로 하는 연구개발 수행하기
연구개발-N/A-전기전선,연구개발,연구개발,연구개발,N/A,전기전선,"통신 프로토콜부터 모니터링 시스템 분석, 설계까지! 시스템 연구개발 경험하기"
연구개발-N/A-전자/기계,연구개발,연구개발,연구개발,N/A,전자/기계,디스플레이 분야 전문가에게 연구개발 실무를 제대로 배우세요
연구개발-N/A-제약/바이오,연구개발,연구개발,연구개발,N/A,제약/바이오,의약품 연구&개발 실무를 통해 배우는 실무자의 관점
연구개발-N/A-제약/바이오,연구개발,연구개발,연구개발,N/A,제약/바이오,바이오 의약품 연구 개발 및 기획 업무의 모든 것
연구개발-구조해석-산업무관,연구개발,연구개발,연구개발,구조해석,산업무관,"해석 업무의 기초와 핵심, CAE 구조해석 실무 AtoZ 경험하기"
연구개발-구조해석-산업무관,연구개발,연구개발,연구개발,구조해석,산업무관,CAE 실무 체험으로 CAE(구조해석) 업무 이해하고 역량 기르기
연구개발-로봇-전자/기계,연구개발,연구개발,연구개발,로봇,전자/기계,로봇 개발 직무 체험 : 수직다관절로봇의 기구/제어
연구개발-설계-자동차,연구개발,연구개발,연구개발,설계,자동차,자동차 산업 현직자와 함께하는 제품 개발 프로세스 실무 체험!
연구개발-신약개발-제약/바이오,연구개발,연구개발,연구개발,신약개발,제약/바이오,제약회사 현직자가 알려주는 연구개발 실무
연구개발-연구개발-전자/기계,연구개발,연구개발,연구개발,연구개발,전자/기계,대기업 배터리시스템 연구개발자를 통해 제대로 배우는 R&D 프로세스 실무
연구개발-임베디드-전자/기계,연구개발,연구개발,연구개발,임베디드,전자/기계,대기업 임베디드 개발자와 함께하는 전기 자동차 임베디드 실무 체험
연구개발-임베디드-제조업,연구개발,연구개발,연구개발,임베디드,제조업,대기업 임베디드 개발자와 자동차/반도체 임베디드 SW개발 실무 경험하기
연구개발-임상시험관리-제약/바이오,연구개발,연구개발,연구개발,임상시험관리,제약/바이오,글로벌 Top 제약회사 CRA(임상시험담당자) 실무 체험하기
연구개발-임상시험관리-제약/바이오,연구개발,연구개발,연구개발,임상시험관리,제약/바이오,제약회사 임상팀 현직자와 함께 CRA 실무 A to Z 체험하기
연구개발-임상시험관리-제약/바이오,연구개발,연구개발,연구개발,임상시험관리,제약/바이오,현직 CRA(임상시험담당자)와 함께 직무 경험하기
연구개발-임상시험관리-제약/바이오,연구개발,연구개발,연구개발,임상시험관리,제약/바이오,글로벌 CRA 현직자와 '임상시험의 퀄리티를 좌우하는' 모니터링 업무 마스터하기
연구개발-제제연구개발-제약/바이오,연구개발,연구개발,연구개발,제제연구개발,제약/바이오,제제연구팀 출신 현직자와 함께 제약회사 연구개발 실무 체험하기
연구개발-제형연구개발-제약/바이오,연구개발,연구개발,연구개발,제형연구개발,제약/바이오,"의약품 연구 개발 실무 모든 것 : 제제연구, 분석연구, QA, QC 등"
연구개발-증착공정-반도체,연구개발,연구개발,연구개발,증착공정,반도체,외국계 반도체 CVD/ALD 증착 공정 엔지니어와 증착 실무 경험하기
연구개발-파워트레인-자동차,연구개발,연구개발,연구개발,파워트레인,자동차,"연구개발 직무, 직접 해봐야 할 수 있어요!"
연구개발-패키지개발-반도체,연구개발,연구개발,연구개발,패키지개발,반도체,반도체 패키지 제품개발 현직자와 함께하는 개발 업무 A to Z
연구개발-패키징-반도체,연구개발,연구개발,연구개발,패키징,반도체,"최근 뜨고있는 반도체의 후공정, 반도체 패키징 제품개발 실무 체험하기"
인허가/개발-N/A-제약/바이오,연구개발,인허가/개발,인허가/개발,N/A,제약/바이오,신약 개발에서 허가까지  바이오/제약 GLOBAL RA업무 이해하기
인허가/개발-N/A-제약/바이오,연구개발,인허가/개발,인허가/개발,N/A,제약/바이오,제약회사 RA 업무 완벽하게 이해하고 체험해보세요
인허가/개발-N/A-제약/바이오,연구개발,인허가/개발,인허가/개발,N/A,제약/바이오,제약회사 현직자가 알려주는 인허가 및 개발 실무
인허가/개발-RA-제약/바이오,연구개발,인허가/개발,인허가/개발,RA,제약/바이오,"제약 RA 현직자 실무 체험 : 신약 허가 준비, 의약품 품목 갱신 등"
인허가/개발-의료기기-제약/바이오,연구개발,인허가/개발,인허가/개발,의료기기,제약/바이오,의료기기 RA실무 기초 다지기 : 의료기기 법구조부터 사후 관리까지
인허가/개발-의료기기-제약/바이오,연구개발,인허가/개발,인허가/개발,의료기기,제약/바이오,글로벌 의료기기 RA직무 체험하기
인허가/개발-의료기기-제약/바이오,연구개발,인허가/개발,인허가/개발,의료기기,제약/바이오,전자의료기기 제조사 RA현직자가 알려 주는 4가지 실무
B2B해외영업-N/A-반도체,영업/고객상담,B2B해외영업,B2B해외영업,N/A,반도체,반도체 B2B 해외영업이란? 기초부터 알아가는 직무 체험
B2B해외영업-N/A-에너지/화학,영업/고객상담,B2B해외영업,B2B해외영업,N/A,에너지/화학,종합상사 해외사업개발 멘토와의 직무 체험 : 시장분석부터 협상까지
B2B해외영업-N/A-에너지/화학,영업/고객상담,B2B해외영업,B2B해외영업,N/A,에너지/화학,2차전지 제조사 해외영업 현직자에게 배우는 B2B 해외영업이 하는 일
B2B해외영업-N/A-제조업,영업/고객상담,B2B해외영업,B2B해외영업,N/A,제조업,수출 전문가와 함께하는 제조업 B2B 해외영업 Process 체험하기
기술영업-N/A-IT,영업/고객상담,기술영업,기술영업,N/A,IT,B2B 세일즈 프로세스를 따라 체계적으로 현직자처럼 영업하기
기술영업-N/A-산업무관,영업/고객상담,기술영업,기술영업,N/A,산업무관,"B2B 기술영업 직무 따라잡기 : 고객 분석부터 제안, 발주, 계약까지"
기술영업-N/A-산업무관,영업/고객상담,기술영업,기술영업,N/A,산업무관,대기업 현직자와 함께하는 AI + B2B 기술영업 깊게 알아가기
기술영업-N/A-에너지/화학,영업/고객상담,기술영업,기술영업,N/A,에너지/화학,이공계 영업 현직자의 기술영업 실무 마스터하기
영업-N/A-교육/출판,영업/고객상담,영업,영업,N/A,교육/출판,B2B 영업 담당자 실무 체험:고객 발굴부터 미팅 카드 작성까지
영업-N/A-뷰티/생활,영업/고객상담,영업,영업,N/A,뷰티/생활,어디서도 경험할 수 없는 화장품 B2B영업의 실무를 배우세요
영업-N/A-산업무관,영업/고객상담,영업,영업,N/A,산업무관,대기업 현직자와 함께 'B2B기술영업 & B2C영업관리' 두마리 토끼잡기
영업-N/A-산업무관,영업/고객상담,영업,영업,N/A,산업무관,당신이 궁금했던 영업마케팅의 A to Z
영업-N/A-산업무관,영업/고객상담,영업,영업,N/A,산업무관,초일류 글로벌 전자회사 현업에서 쓰는 4대 Biz. 모델링으로 영업 실무 이해하기
영업-N/A-산업무관,영업/고객상담,영업,영업,N/A,산업무관,대기업 현직자와 함께하는 B2B영업(국내/해외) 및 수주영업 실무
영업-N/A-식음료,영업/고객상담,영업,영업,N/A,식음료,"입고 제품 현장조사, 판매 행사기획으로 배우는 식품회사 영업 실무"
영업-N/A-식음료,영업/고객상담,영업,영업,N/A,식음료,식품회사의 영업은 무엇이 가장 중요할까요?
영업-N/A-여행사,영업/고객상담,영업,영업,N/A,여행사,기초 자료 분석을 통한 프로모션 기획으로 매출향상하는 영업 실무 체험
영업-N/A-유통/물류,영업/고객상담,영업,영업,N/A,유통/물류,대기업 H유통사 3~5년차 현직자와 함께하는 영업 실무 이해하기
영업-N/A-전자/기계,영업/고객상담,영업,영업,N/A,전자/기계,B2B 전략영업 : 국내영업/해외영업/사업개발 경력자와 신규 사업 개발
영업-N/A-전자/기계,영업/고객상담,영업,영업,N/A,전자/기계,글로벌 가전회사 현직자와 함께하는 영업 직무 이해하기
영업-N/A-전자/기계,영업/고객상담,영업,영업,N/A,전자/기계,판매증진을 담당하는 영업 직무가 알아야 할 4P 프로세스 실무 체험!
영업-N/A-제조업,영업/고객상담,영업,영업,N/A,제조업,K제조업 영업 실무: 시장 분석부터 계약 체결까지
영업-N/A-제조업,영업/고객상담,영업,영업,N/A,제조업,"대기업 현직자와 함께 B2B 국내&해외영업, 영업기획 역량 쌓기"
영업-N/A-통신,영업/고객상담,영업,영업,N/A,통신,통신사 현직자가 알려주는 고객 및 시장분석에 기반한 영업 실무
영업/마케팅-N/A-뷰티/생활,영업/고객상담,영업/마케팅,영업/마케팅,N/A,뷰티/생활,"브랜드관리 신규채널 입점까지, 마케팅의 기초와 핵심 경험하기"
영업/마케팅-N/A-전자/기계,영업/고객상담,영업/마케팅,영업/마케팅,N/A,전자/기계,대기업 사내강사 경력 멘토가 알려주는 영업/마케팅 실무 프로세스 체험하기
영업관리-N/A-뷰티/생활,영업/고객상담,영업관리,영업관리,N/A,뷰티/생활,대기업 영업관리의 실무를 수행하고 준비된 신입사원이 되세요
영업관리-N/A-뷰티/생활,영업/고객상담,영업관리,영업관리,N/A,뷰티/생활,"매출관리부터 신규거래처 개척까지, 영업관리의 기초와 핵심 경험하기"
영업관리-N/A-산업무관,영업/고객상담,영업관리,영업관리,N/A,산업무관,상권분석과 신규거래처 확보 및 프로모션 제안으로 배우는 영업관리 실무
영업관리-N/A-식음료,영업/고객상담,영업관리,영업관리,N/A,식음료,식품 중견기업 현직자와 함께 영업관리 실무 체험하기
영업관리-N/A-유통/물류,영업/고객상담,영업관리,영업관리,N/A,유통/물류,대기업 현직자가 알려주는 유통업 영업 및 영업 관리 실무 체험
영업관리-N/A-유통/물류,영업/고객상담,영업관리,영업관리,N/A,유통/물류,"백화점, 쇼핑몰 영업관리 직무의 실무 경험 쌓기"
영업관리-N/A-유통/물류,영업/고객상담,영업관리,영업관리,N/A,유통/물류,"프랜차이즈 현직자와 점포 컨설팅, 상권분석으로 배우는 영업관리 실무"
영업관리-N/A-유통/물류,영업/고객상담,영업관리,영업관리,N/A,유통/물류,유통업 영업 관리 직무 체험하기 : 실제 현장 답사부터 상사 보고까지
영업관리-N/A-유통/물류,영업/고객상담,영업관리,영업관리,N/A,유통/물류,"편의점 영업관리 입사, 두려워마세요. 상권분석관리 실무 체험"
영업관리-N/A-자동차,영업/고객상담,영업관리,영업관리,N/A,자동차,"영업/영업관리, 직접 경험해야 이해할 수 있어요"
영업관리-N/A-통신,영업/고객상담,영업관리,영업관리,N/A,통신,대기업 현직자와 영업관리 실무를 통해 직무 마스터하기
영업관리/MD-N/A-식음료,영업/고객상담,영업관리/MD,영업관리/MD,N/A,식음료,"편의점 영업관리,MD가 진짜 하는 일이 무엇인지 알려줄게요!"
영업관리/MD-N/A-패션,영업/고객상담,영업관리/MD,영업관리/MD,N/A,패션,"백화점 유통, 브랜드 영업관리 취업준비생이 반드시 갖춰야 할 실무 경험"
영업관리/MD-N/A-패션,영업/고객상담,영업관리/MD,영업관리/MD,N/A,패션,의류&스포츠 의류 영업관리/MD 취업을 위한 실무 경험 쌓기!
영업기획-N/A-건설/중공업,영업/고객상담,영업기획,영업기획,N/A,건설/중공업,"영업기획, 무슨 일을 하는거지? - 직접해봐야 알 수 있습니다"
영업기획-N/A-건설/중공업,영업/고객상담,영업기획,영업기획,N/A,건설/중공업,팀장님이 당신에게만 직접 가르쳐주는 영업기획 실무
영업기획-N/A-식음료,영업/고객상담,영업기획,영업기획,N/A,식음료,식품회사의 영업담당자가 되어 진짜 영업 전략 수립하기
영업기획/영업관리-N/A-식음료,영업/고객상담,영업기획/영업관리,영업기획/영업관리,N/A,식음료,현직자가 실제 현장에서 벌어지는 진짜 영업을 알려드립니다
이커머스영업-N/A-뷰티/생활,영업/고객상담,이커머스영업,이커머스영업,N/A,뷰티/생활,"쿠팡, 아마존 등 100조 이커머스 채널 영업기획&관리 실무"
제약영업-N/A-제약/바이오,영업/고객상담,제약영업,제약영업,N/A,제약/바이오,"어떻게 제약영업 담당자는 의료, 보험, 세일즈 전문가로 인정받을까?"
제약영업-N/A-제약/바이오,영업/고객상담,제약영업,제약영업,N/A,제약/바이오,인턴도 할 수 없는 제약 영업 실무 과제를 수행할 수 있습니다
제약영업/마케팅-N/A-제약/바이오,영업/고객상담,제약영업/마케팅,제약영업/마케팅,N/A,제약/바이오,현직자와 함께 진짜 제약영업/마케팅 실무 체험 : 신입에서 에이스로
제약영업/마케팅-N/A-제약/바이오,영업/고객상담,제약영업/마케팅,제약영업/마케팅,N/A,제약/바이오,"제약회사의 영업/마케팅, 그리고 커리어 패스의 모든 것"
해외영업-N/A-건자재,영업/고객상담,해외영업,해외영업,N/A,건자재,"해외영업 실무, 현직자와 함께하면 어렵지 않아요!"
해외영업-N/A-뷰티/생활,영업/고객상담,해외영업,해외영업,N/A,뷰티/생활,글로벌 화장품 해외영업 人이 되어 보기: 신규 영업부터 제품 런칭까지
해외영업-N/A-산업무관,영업/고객상담,해외영업,해외영업,N/A,산업무관,대기업 해외영업 담당자와 실무체험 : 신규 거래처 발굴부터 수주(오더) 입력까지
해외영업-N/A-산업무관,영업/고객상담,해외영업,해외영업,N/A,산업무관,대기업 S사 해외사업팀 현직자와 신규시장 개척하기
해외영업-N/A-산업무관,영업/고객상담,해외영업,해외영업,N/A,산업무관,"해외영업과 신규시장 진출, 실무에서는 어떻게 이루어질까?"
해외영업-N/A-산업무관,영업/고객상담,해외영업,해외영업,N/A,산업무관,석유화학 제조업 현직자와 함께 하는 해외 영업 실무
해외영업-N/A-산업무관,영업/고객상담,해외영업,해외영업,N/A,산업무관,정유사 해외영업 직무에서 진짜로 하는 일을 알려드립니다
해외영업-N/A-유통/물류,영업/고객상담,해외영업,해외영업,N/A,유통/물류,"중국유통채널, 대형할인점 영업실무 : 행사협상부터 계약관리까지"
해외영업-N/A-자동차,영업/고객상담,해외영업,해외영업,N/A,자동차,해외영업 담당자가 실제로 하는 일을 직접 경험해보세요!
해외영업-N/A-자동차,영업/고객상담,해외영업,해외영업,N/A,자동차,"중견기업, 대기업 해외영업 실무 과제 체험"
해외영업-N/A-제조업,영업/고객상담,해외영업,해외영업,N/A,제조업,해외영업 현직자와 함께 시장분석부터 전략수립까지! 직무 역량 쌓기!
해외영업-N/A-통신,영업/고객상담,해외영업,해외영업,N/A,통신,해외영업 현직자와 글로벌 해외 영업의 실무 역량을 쌓으세요
해외영업-N/A-통신,영업/고객상담,해외영업,해외영업,N/A,통신,"해외영업,국제개발 협력사업,  통신사 현직자와 함께하면 어렵지않아요!"
해외영업-N/A-통신,영업/고객상담,해외영업,해외영업,N/A,통신,해외영업 담당자는 어떻게 글로벌 고객과 협상하고 계약을 체결할까?
해외영업-N/A-패션,영업/고객상담,해외영업,해외영업,N/A,패션,매출 2조 기업 현직자와 함께하는 의류 벤더 패션 취업과 수출업의 모든 것
무역-N/A-무역,유통/물류/무역,무역,무역,N/A,무역,"10년차 무역전문가와 AI가 전하는, 미래형 무역 인재를 위한 무역 실무 체험"
무역-N/A-무역,유통/물류/무역,무역,무역,N/A,무역,실무에 직접 쓰이는 서류로 진짜 무역 실무 이해하기
무역-N/A-무역,유통/물류/무역,무역,무역,N/A,무역,무역 프로세스 완벽 이해하기 : 서류 작성부터 클레임 대처까지
무역-N/A-무역,유통/물류/무역,무역,무역,N/A,무역,대기업 무역 담당자와 함께 무역 수출입 업무 체험하기 : FTA 이해
무역-N/A-무역,유통/물류/무역,무역,무역,N/A,무역,"외국계 물류팀, SCM팀을 준비하는 취준생! 수출입통관 직무 경험하기!"
무역-N/A-유통/물류,유통/물류/무역,무역,무역,N/A,유통/물류,왕초보를 위한 선적 입문클래스 : 물류 1도 몰라도 괜찮아요 !
무역-N/A-유통/물류,유통/물류/무역,무역,무역,N/A,유통/물류,해외소싱 업무로 알아보는 무역 수입 실무의 A to Z
물류유통-N/A-유통/물류,유통/물류/무역,물류유통,물류유통,N/A,유통/물류,현직자와 함께 신규 물류센터 운영계획 수립하기
물류유통-N/A-유통/물류,유통/물류/무역,물류유통,물류유통,N/A,유통/물류,9년차 현직자와 함께하는 물류 실무 체험 : 수출입부터 창고 물류까지
물류유통-국제-유통/물류,유통/물류/무역,물류유통,물류유통,국제,유통/물류,"강물류, 수출입물류 현장업무 A~Z 경험하기"
물류유통-택배-유통/물류,유통/물류/무역,물류유통,물류유통,택배,유통/물류,아마존﹒쿠팡﹒마켓컬리의 본질은 라스트마일(택배)! 물류기획 직무 파헤치기
물류유통-포워딩-유통/물류,유통/물류/무역,물류유통,물류유통,포워딩,유통/물류,대한민국을 움직이는 물류산업: 포워더/포워딩영업+일반 직무준비 꿀팁 완벽분석!
간호사-N/A-병원,의료,간호사,간호사,N/A,병원,신규 간호사가 초기에 직면하는 어려운 과제 미리보기
HRD/교육-N/A-산업무관,인사총무,HRD/교육,HRD/교육,N/A,산업무관,요즘 HRD가 궁금해?  - Data Driven HRD 맛보기
HRM/인사관리-HRM/인사관리-에너지/화학,인사총무,HRM/인사관리,HRM/인사관리,HRM/인사관리,에너지/화학,다른 곳에서 쌓을 수 없는 HRM 실무 경험을 쌓으세요
HRM/인사관리-N/A-산업무관,인사총무,HRM/인사관리,HRM/인사관리,N/A,산업무관,"인사(HRM) 담당자의 하루일과 경험하기: 채용, 노무, 조직문화, 평가"
HRM/인사관리-N/A-자동차,인사총무,HRM/인사관리,HRM/인사관리,N/A,자동차,직원 채용의 A to Z 실무 체험 : HRM의 개념 깊이 있게 이해하기
HRM/인사관리-N/A-제약/바이오,인사총무,HRM/인사관리,HRM/인사관리,N/A,제약/바이오,인사담당자가 되어 조직설계 및 인사제도 기획하기
노무사-노무사-산업무관,인사총무,노무사,노무사,노무사,산업무관,현직 노무사 멘토와 함께 4가지 노무사 실무 루틴 경험하기!
비서-N/A-IT,인사총무,비서,비서,N/A,IT,인사총무 업무를 병행하는 임원 비서 실무 체험
비서-로펌-회계/컨설팅,인사총무,비서,비서,로펌,회계/컨설팅,국내 대형로펌 비서가 실제로 하는 일 : 민사 사건 절차부터 일정관리까지
인사-HRD/교육-건설/중공업,인사총무,인사,인사,HRD/교육,건설/중공업,대기업 현직자가 실무로 알려주는 최근 HRD트렌드와 기업교육의 현실
인사-HRD/교육-산업무관,인사총무,인사,인사,HRD/교육,산업무관,대기업 교육담당자가 하는 업무는 무엇일까?
인사-HRM/인사관리-산업무관,인사총무,인사,인사,HRM/인사관리,산업무관,대기업 채용담당자와 함께하는 자소서 문항 설계와 인사 직무 정복하기
인사-HRM/인사관리-산업무관,인사총무,인사,인사,HRM/인사관리,산업무관,입사지원서 설계부터 직무조사표 작성까지 채용실무로 배우는 인사 직무
인사-HRM/인사관리-산업무관,인사총무,인사,인사,HRM/인사관리,산업무관,"외국계 HRM, 현직자와 함께라면 어렵지 않아요!"
인사-HRM/인사관리-산업무관,인사총무,인사,인사,HRM/인사관리,산업무관,인사담당자가 되어 채용부터 인사기획까지 HRM실무 수행하기
인사-N/A-공기업,인사총무,인사,인사,N/A,공기업,"공기업 인사담당자가 되어 직무교육부터 노사관리, 성과급설계 실무하기"
인사-N/A-교육/출판,인사총무,인사,인사,N/A,교육/출판,현직자에게 배우는 인사(HR)의 A to Z
인사-N/A-산업무관,인사총무,인사,인사,N/A,산업무관,HR팀장에게 인사업무를 배우고 실제적인 인사기획을 해보기
인사-N/A-산업무관,인사총무,인사,인사,N/A,산업무관,현직 인사 담당자가 함께하는 진짜 HR 실무 경험해보기
인사-N/A-산업무관,인사총무,인사,인사,N/A,산업무관,취업준비를 위한 '진짜 인사채용 실무' 시뮬레이션
인사-N/A-산업무관,인사총무,인사,인사,N/A,산업무관,"요즘 시장에서 가장 핫한 ""Recruiter"" A부터 Z까지 알아가기"
인사-N/A-산업무관,인사총무,인사,인사,N/A,산업무관,직접 인사담당자가 되어 현업 인사이슈 대응을 고민해보는 직무 경험
인사-N/A-산업무관,인사총무,인사,인사,N/A,산업무관,교육과정 개발 실무로 인사 HRD 직무 깊이 이해하기
인사-N/A-산업무관,인사총무,인사,인사,N/A,산업무관,대기업 HRD 차장에게 배우는 육성제도 및 교육프로그램 기획 실습
인사-N/A-산업무관,인사총무,인사,인사,N/A,산업무관,HR에서 중요한 Agenda를 가지고 인사담당자처럼 고민하고 정리해보기
인사-N/A-산업무관,인사총무,인사,인사,N/A,산업무관,대기업 인사담당자와 함께 인사 HRM 모든 파트 실무 과제 기획해보기
인사-N/A-산업무관,인사총무,인사,인사,N/A,산업무관,HR  실무(채용 - 교육 - 평가 - 보상- 조직문화) 체험하기
인사-N/A-산업무관,인사총무,인사,인사,N/A,산업무관,대기업 인재개발원 현직자와 함께하는 HRD 실무 체험
인사-N/A-산업무관,인사총무,인사,인사,N/A,산업무관,교육과정 개발을 해봐야 HRD 업무를 깊이 이해하고 잘 할 수 있어요
인사-N/A-산업무관,인사총무,인사,인사,N/A,산업무관,"컴팩트 인사노무, 넓고 굵게 이해하는 대기업 인사 업무"
인사-N/A-산업무관,인사총무,인사,인사,N/A,산업무관,인사마스터와 함께하는 인사 전반 실무 체험
인사-N/A-자동차,인사총무,인사,인사,N/A,자동차,글로벌대기업 조직문화 담당자와 조직진단과 변화 만들기
인사-N/A-전자/기계,인사총무,인사,인사,N/A,전자/기계,채용담당자가 되어 직접 올해 하반기 공개채용 기획해보기
인사-인사기획-산업무관,인사총무,인사,인사,인사기획,산업무관,인정받는 HRer가 되기 위한 인사 기획 최신 트렌드 체험하기
인사-채용-산업무관,인사총무,인사,인사,채용,산업무관,신입 인사팀원이 수행하게 될 '채용업무'로 배우는 인사 직무
CS강사-N/A-은행,전문특수직,CS강사,CS강사,N/A,은행,"CS강사 업무 체험 : 비즈니스 매너, 컴플레인 응대, 강의안 작성 등"
미술치료사-N/A-문화/공연,전문특수직,미술치료사,미술치료사,N/A,문화/공연,"미술치료사 실무 체험 : 프로그램 기획, 내담자 분석, 보고서 작성 등"
미술치료사-N/A-병원,전문특수직,미술치료사,미술치료사,N/A,병원,장애아동 사례 중심 미술치료사 직무 이해하기
사회복지사-N/A-비영리,전문특수직,사회복지사,사회복지사,N/A,비영리,"사업, 프로그램 기획하며 사회복지사 직무 경험해보기"
심리상담사-N/A-정부/공공기관,전문특수직,심리상담사,심리상담사,N/A,정부/공공기관,직장심리상담사 실무 체험: 심리검사부터 직무스트레스관리까지
영양사-N/A-식음료,전문특수직,영양사,영양사,N/A,식음료,영양사는 식단만 짜는 직업일까? 영양사 업무 A부터 Z까지 체험하기
의료통역 코디네이터-N/A-병원,전문특수직,의료통역 코디네이터,의료통역 코디네이터,N/A,병원,국제진료센터 의료통역 코디네이터 실무 프로세스 체험하기
진로상담사-N/A-정부/공공기관,전문특수직,진로상담사,진로상담사,N/A,정부/공공기관,대학교 취업지원부서 직업상담사와 진로·취업 상담 직무 경험하기
큐레이터-N/A-문화/공연,전문특수직,큐레이터,큐레이터,N/A,문화/공연,큐레이터의 실제 전시 준비 프로세스 체험
큐레이터-N/A-문화/공연,전문특수직,큐레이터,큐레이터,N/A,문화/공연,전시기획 실무로 큐레이터 직무 이해하기
선행품질-2차전지-에너지/화학,품질,선행품질,선행품질,2차전지,에너지/화학,2차전지 품질 직무 체험하기 : 선행품질 검증부터 불량 분석까지
선행품질-N/A-자동차,품질,선행품질,선행품질,N/A,자동차,품질 담당자가 개발 단계에 있는 자동차 품질을 향상시키는 방법
품질-2차전지-에너지/화학,품질,품질,품질,2차전지,에너지/화학,전기자동차 배터리(2차전지) Validation 실무 체험하기
품질-2차전지-에너지/화학,품질,품질,품질,2차전지,에너지/화학,글로벌 2차전지 제조업 품질담당은 어떤 업무들을 수행할까?
품질-2차전지-에너지/화학,품질,품질,품질,2차전지,에너지/화학,(삭제된 캠프)
품질-GMP-제약/바이오,품질,품질,품질,GMP,제약/바이오,GMP 전체를 보는 눈과 핵심 개념으로 제약공장 품질(QA/QC)업무알기
품질-GMP-제약/바이오,품질,품질,품질,GMP,제약/바이오,제약&바이오 산업 신입사원이 수행하는 GMP QA/QC 직무 체험 !
품질-N/A-IT,품질,품질,품질,N/A,IT,대기업 IT 품질관리자는 어떤 일을 할까? IT 품질관리 실무 체험
품질-N/A-IT,품질,품질,품질,N/A,IT,IT 서비스 업체에서의 품질 및 프로세스 엔지니어 직무 체험하기
품질-N/A-반도체,품질,품질,품질,N/A,반도체,"대기업 반도체 품질 직무 체험 : 8대 공정, 사고 Tracking 실무"
품질-N/A-반도체,품질,품질,품질,N/A,반도체,외국계 반도체 대기업 현직자와 함께하는 품질 실무 A to Z
품질-N/A-반도체,품질,품질,품질,N/A,반도체,대기업/글로벌 반도체기업 엔지니어와 함께하는 실무체험
품질-N/A-식음료,품질,품질,품질,N/A,식음료,컨설턴트 멘토님과 함께하는 식품 품질(QA/QC) 실무 체험
품질-N/A-식음료,품질,품질,품질,N/A,식음료,"실제 사례 활용을 통한 식품 안전, Audit 업무 체험 하기"
품질-N/A-식음료,품질,품질,품질,N/A,식음료,팀장님과 함께하는 식품 품질 실무 체험 : 위생법부터 표시 라벨 작성까지
품질-N/A-자동차,품질,품질,품질,N/A,자동차,제조업 품질 현직자와 함께하는 품질 실무(APQP 프로세스) 경험 쌓기!
품질-N/A-자동차,품질,품질,품질,N/A,자동차,전문가가 낱낱이 파헤쳐 주는 제조업과 자동차 품질 프로세스 A to Z
품질-N/A-자동차,품질,품질,품질,N/A,자동차,국내 자동차 글로벌 대기업 현직자에게 배우는 제조업 품질 업무
품질-N/A-자동차,품질,품질,품질,N/A,자동차,품질직무 담당자는 어떻게 고객을 만족시키고 신뢰를 얻을까?
품질-N/A-제약/바이오,품질,품질,품질,N/A,제약/바이오,제약회사 실무 업무 및 전반적인 공정 FLOW 및 GMP 인증 알아보기
품질-N/A-제조업,품질,품질,품질,N/A,제조업,"실무에서 쓰는  불량대책서, 품질절차서 작성으로 배우는 품질실무"
품질-System분석-반도체,품질,품질,품질,System분석,반도체,고객불량 대응을 통해 경험하는 반도체 품질 엔지니어 실무
품질-안전-식음료,품질,품질,품질,안전,식음료,식품안전 팀장급 현직자와 함께 식품안전 업무 체험하기
품질관리-N/A-식음료,품질,품질관리,품질관리,N/A,식음료,식품 품질관리 팀장과 함께하는 신입사원 실무 체험기
품질관리-N/A-식음료,품질,품질관리,품질관리,N/A,식음료,식품 품질관리 업무 체험 : 제품 분석 및 생산현장 관리 업무
품질관리-N/A-식음료,품질,품질관리,품질관리,N/A,식음료,식품 산업 품질관리 직무(품질개선 및 식약처 대응업무 등) 체험하기
품질관리-N/A-식음료,품질,품질관리,품질관리,N/A,식음료,"현직 식품 품질 전문가와 식품 품질(QC, QA, QM) 직무 체험하기"
품질관리-N/A-제약/바이오,품질,품질관리,품질관리,N/A,제약/바이오,제약/바이오 대기업 현직자와 함께하는 품질관리 직무 완벽 이해
품질관리-N/A-제약/바이오,품질,품질관리,품질관리,N/A,제약/바이오,제약업계 품질관리 직무체험 : 분석기기의 원리부터 DI 이슈까지
품질관리-N/A-제약/바이오,품질,품질관리,품질관리,N/A,제약/바이오,5주간 바이오/제약 회사의 품질관리 담당자가 되어 직무 체험하기!
품질관리-N/A-제약/바이오,품질,품질관리,품질관리,N/A,제약/바이오,제약회사 현직자와 함께하는 품질관리/보증 실무 (4M관리)
품질관리-N/A-제약/바이오,품질,품질관리,품질관리,N/A,제약/바이오,"실무 체험을 통해 제약회사 품질관리, 분석연구원(학사급) 차이점 알아보기"
품질관리-N/A-제약/바이오,품질,품질관리,품질관리,N/A,제약/바이오,대기업 현직자와 제약/바이오 품질관리 실무체험: 실험부터 일탈처리까지
품질관리-N/A-제약/바이오,품질,품질관리,품질관리,N/A,제약/바이오,제약/바이오 현직자와 미생물 QC 직무 체험하기
품질관리-N/A-제약/바이오,품질,품질관리,품질관리,N/A,제약/바이오,제약업계 현직 팀장과 함께 품질관리 이해 및 밸리데이션 추진보고서 작성
품질보증-GMP -제약/바이오,품질,품질보증,품질보증,GMP ,제약/바이오,cGMP이해를 통한 Global 바이오/제약 품질보증(QA)직무 이해하기
품질보증-N/A-건설/중공업,품질,품질보증,품질보증,N/A,건설/중공업,글로벌 대기업 D선박제조사 현직자가 알려주는 '품질' 직무
품질보증-N/A-식음료,품질,품질보증,품질보증,N/A,식음료,식품 품질보증팀 실무 체험하기 : 라벨 표시부터 대응 방안 수립까지
품질보증-N/A-자동차,품질,품질보증,품질보증,N/A,자동차,자동차 전장사업 품질 베테랑과 함께하는 품질보증 실무 체험!
품질보증-N/A-제약/바이오,품질,품질보증,품질보증,N/A,제약/바이오,"제약 품질보증(QA) 핵심 실무 핀셋 경험 : 실사계획, 기록서 작성 등"
품질보증-N/A-제약/바이오,품질,품질보증,품질보증,N/A,제약/바이오,바이오의약품 품질보증 실무 체험 :  SOP 및 제품표준서 작성 등
품질보증-N/A-제약/바이오,품질,품질보증,품질보증,N/A,제약/바이오,15년차 이상 현직자와 제약 품질보증(QA) 실무 체험하기
품질보증-N/A-제약/바이오,품질,품질보증,품질보증,N/A,제약/바이오,대기업 바이오 관계사 품질보증팀이 되어 제조소 실사 준비
품질보증-N/A-제약/바이오,품질,품질보증,품질보증,N/A,제약/바이오,적격성평가와 공정밸리데이션 디자인으로 배우는 제약 품질보증 실무
품질보증-N/A-제약/바이오,품질,품질보증,품질보증,N/A,제약/바이오,현직자가 제.대.로 알려주는 제약회사 QA직무
품질보증-N/A-제약/바이오,품질,품질보증,품질보증,N/A,제약/바이오,신입 의료기기 QA 담당자를 위한 실무 체험
승무원-N/A-항공,항공,승무원,승무원,N/A,항공,안 해본 사람은 알 수 없는 승무원의 찐한 리얼 스토리 A부터 Z까지!
승무원-N/A-항공,항공,승무원,승무원,N/A,항공,국내 LCC 사무장과 함께하는 승무원 업무 및 상황별 롤플레잉 체험!
영업마케팅-N/A-항공,항공,영업마케팅,영업마케팅,N/A,항공,외항사 일반직 Sales&MKTG 직무 이해하기
운항-N/A-항공,항공,운항,운항,N/A,항공,직접 날아보자! 현직 파일럿과 함께 운항승무원 업무 체험 및 이해
지상직-N/A-항공,항공,지상직,지상직,N/A,항공,여객부터 카고까지 현직자만 알려줄 수 있는 지상직의 50가지 매력!
지상직-N/A-항공,항공,지상직,지상직,N/A,항공,미리 받아보는 지상직 신입교육
지상직-N/A-항공,항공,지상직,지상직,N/A,항공,LIR 해석 방법과 실제상황 대응으로 배우는 항공사 지상직 실무체험
항공정비-N/A-항공,항공,항공정비,항공정비,N/A,항공,"정비 매뉴얼 해독, A CHECK 수행 등으로 배우는 항공정비 실무"
항공정비-N/A-항공,항공,항공정비,항공정비,N/A,항공,"항공정비전문가와 함께하는 항공전자 실무체험: 회로도 작성,제작,이슈 대응"
